elevation,temperature_2m_max,temperature_2m_min,temperature_2m_mean,apparent_temperature_max,apparent_temperature_min,apparent_temperature_mean,daylight_duration,sunshine_duration,precipitation_sum,rain_sum,precipitation_hours,wind_speed_10m_max,wind_gusts_10m_max,wind_direction_10m_dominant,shortwave_radiation_sum,et0_fao_evapotranspiration,date,cumulative_temperature_2m_mean,cumulative_apparent_temperature_mean,cumulative_daylight_duration,cumulative_sunshine_duration,cumulative_precipitation_sum,cumulative_rain_sum,cumulative_precipitation_hours,cumulative_shortwave_radiation_sum,cumulative_et0_fao_evapotranspiration,day,latitude,longitude
1052.0,14.9055,9.8555,12.413834,14.538427,9.28023,12.00175,38418.1,24625.498,4.3999996,4.3999996,21.0,7.386582,28.44,164.44223,8.06,1.3187914,2024-01-01 16:00:00,12.413834,12.00175,38418.1,24625.498,4.3999996,4.3999996,21.0,8.06,1.3187914,1,24.2,121.5
1052.0,15.255501,8.255501,12.195084,15.607771,7.302305,11.55381,38441.258,28201.213,26.099998,26.099998,19.0,6.519877,35.28,187.125,10.14,1.6058884,2024-01-02 16:00:00,24.608917,23.555561,76859.36,52826.71,30.499998,30.499998,40.0,18.2,2.9246798,2,24.2,121.5
1052.0,11.3555,7.5555,9.707583,10.306671,6.557086,8.670648,38466.23,3538.1714,10.399998,10.399998,24.0,6.151683,21.599998,118.12367,4.59,0.79895747,2024-01-03 16:00:00,34.3165,32.226208,115325.59,56364.883,40.899994,40.899994,64.0,22.79,3.723637,3,24.2,121.5
1052.0,15.3555,7.1555,11.478417,14.745026,5.555066,10.768458,38492.977,26570.31,2.4999998,2.4999998,18.0,6.618519,28.8,176.51076,9.22,1.476861,2024-01-04 16:00:00,45.794918,42.994667,153818.56,82935.195,43.399994,43.399994,82.0,32.010002,5.200498,4,24.2,121.5
1052.0,15.1055,9.205501,12.084667,14.8582115,8.022934,11.619857,38521.453,32102.42,10.9,10.9,17.0,6.0347,25.919998,202.61986,11.44,1.7516661,2024-01-05 16:00:00,57.879585,54.614525,192340.02,115037.62,54.299995,54.299995,99.0,43.45,6.952164,5,24.2,121.5
1052.0,12.6055,8.3555,10.065916,11.566285,7.274514,9.333465,38551.625,26396.809,27.0,27.0,24.0,6.725354,30.960001,93.91155,8.04,1.2243636,2024-01-06 16:00:00,67.9455,63.94799,230891.64,141434.42,81.299995,81.299995,123.0,51.49,8.176528,6,24.2,121.5
1052.0,13.6555,7.9055,10.851334,13.627203,6.651679,10.539271,38583.445,21270.287,18.6,18.6,24.0,4.8433046,24.119999,170.83775,7.28,1.142373,2024-01-07 16:00:00,78.79684,74.48726,269475.1,162704.7,99.899994,99.899994,147.0,58.77,9.318901,7,24.2,121.5
1052.0,15.9055,6.5555,11.051333,15.892845,4.9697905,10.45896,38616.883,32504.617,5.5000005,5.5000005,12.0,6.12,29.88,298.4125,12.26,1.8921146,2024-01-08 16:00:00,89.84817,84.94622,308091.97,195209.31,105.399994,105.399994,159.0,71.03,11.211016,8,24.2,121.5
1052.0,14.005501,6.0055,9.734668,13.257256,4.282466,8.658458,38651.887,23668.875,11.099999,11.099999,21.0,7.8625183,34.92,81.51111,8.78,1.3757747,2024-01-09 16:00:00,99.58283,93.604675,346743.84,218878.19,116.49999,116.49999,180.0,79.81,12.58679,9,24.2,121.5
1052.0,11.205501,5.9055,8.684667,9.497479,4.323326,7.257309,38688.418,21420.824,9.2,9.2,23.0,6.6087217,25.919998,138.68521,7.49,1.155686,2024-01-10 16:00:00,108.2675,100.861984,385432.25,240299.02,125.69999,125.69999,203.0,87.299995,13.742476,10,24.2,121.5
1052.0,12.8555,8.505501,10.507584,11.639074,6.9377184,9.472269,38726.438,25079.266,6.0000005,6.0000005,23.0,7.5942082,26.64,151.46764,8.71,1.3243377,2024-01-11 16:00:00,118.775085,110.33425,424158.7,265378.28,131.7,131.7,226.0,96.009995,15.066814,11,24.2,121.5
1052.0,14.1055,7.2055,10.901333,13.360029,6.0296803,10.08947,38765.914,18989.41,7.799999,7.799999,24.0,7.24486,32.039997,119.958565,7.82,1.2368549,2024-01-12 16:00:00,129.67642,120.42372,462924.6,284367.7,139.5,139.5,250.0,103.829994,16.303669,12,24.2,121.5
1052.0,14.5555,7.6054997,11.390918,13.6646595,6.24479,10.643064,38807.234,33301.562,0.6,0.6,6.0,7.8954163,26.28,161.56496,9.93,1.5594655,2024-01-13 16:00:00,141.06734,131.06679,501731.8,317669.25,140.1,140.1,256.0,113.759995,17.863134,13,24.2,121.5
1052.0,14.6555,7.3554997,11.090917,14.070305,6.1164465,10.440497,38850.55,29140.973,1.9000002,1.9000002,12.0,7.771331,32.399998,86.66621,9.34,1.4169482,2024-01-14 16:00:00,152.15825,141.50728,540582.4,346810.22,142.0,142.0,268.0,123.09999,19.280083,14,24.2,121.5
1052.0,12.505501,9.005501,10.365917,11.777815,8.314104,9.864332,38895.777,19372.602,11.700001,11.700001,24.0,6.130579,25.56,82.763145,6.56,1.0209111,2024-01-15 16:00:00,162.52417,151.37161,579478.1,366182.8,153.7,153.7,292.0,129.65999,20.300993,15,24.2,121.5
1052.0,14.6055,7.9055,12.084668,14.603542,6.83253,11.667915,38942.83,25491.549,3.1,3.1,16.0,6.1305785,27.0,178.84657,8.35,1.3371688,2024-01-16 16:00:00,174.60884,163.03952,618420.94,391674.38,156.8,156.8,308.0,138.01,21.638163,16,24.2,121.5
1052.0,17.105501,10.205501,13.757584,17.118654,9.27444,13.6809845,38991.625,29928.02,3.9,3.9,9.0,7.8954163,27.359999,164.50069,12.63,1.9812049,2024-01-17 16:00:00,188.36642,176.7205,657412.56,421602.4,160.7,160.7,317.0,150.64,23.619368,17,24.2,121.5
1052.0,16.8055,11.255501,13.853416,17.934145,11.205316,14.436986,39042.08,12668.332,29.099997,29.099997,24.0,4.39436,19.08,126.87,5.02,0.93039334,2024-01-18 16:00:00,202.21985,191.15749,696454.6,434270.75,189.79999,189.79999,341.0,155.66,24.54976,18,24.2,121.5
1052.0,18.105501,8.955501,13.603416,19.047585,8.066556,13.937789,39094.11,34958.023,13.5,13.5,24.0,5.8603754,26.28,207.01256,12.74,2.046187,2024-01-19 16:00:00,215.82327,205.09528,735548.75,469228.78,203.29999,203.29999,365.0,168.40001,26.595947,19,24.2,121.5
1052.0,13.505501,10.005501,11.397167,12.893822,9.411341,10.776431,39147.633,12334.922,11.500001,11.500001,21.0,7.172949,24.84,95.10215,5.29,0.90742964,2024-01-20 16:00:00,227.22044,215.8717,774696.4,481563.7,214.79999,214.79999,386.0,173.69,27.503376,20,24.2,121.5
1052.0,10.3055,6.3055,9.124249,9.863728,4.9750576,8.308034,39202.566,0.0,25.399998,25.399998,24.0,5.2416787,20.519999,104.66161,2.02,0.45912778,2024-01-21 16:00:00,236.3447,224.17973,813898.94,481563.7,240.19998,240.19998,410.0,175.71,27.962503,21,24.2,121.5
1052.0,6.4555,4.7055,5.5159163,4.8246613,3.0117245,3.9175055,39258.83,0.0,44.899998,44.899998,24.0,5.00128,25.56,119.44103,2.56,0.45490852,2024-01-22 16:00:00,241.86061,228.09724,853157.75,481563.7,285.09998,285.09998,434.0,178.27,28.417412,22,24.2,121.5
1052.0,7.0055,4.2555,5.5305004,5.0322113,2.4508982,3.7565517,39316.34,0.0,27.300001,27.300001,24.0,5.634891,24.48,127.5042,3.83,0.6183705,2024-01-23 16:00:00,247.39111,231.85379,892474.06,481563.7,312.39996,312.39996,458.0,182.1,29.035782,23,24.2,121.5
1052.0,8.8055,5.8554997,7.5305,7.816536,4.4642563,6.430914,39375.023,0.0,31.400002,31.400002,24.0,5.1165614,24.119999,150.97882,3.0,0.52552974,2024-01-24 16:00:00,254.92162,238.2847,931849.06,481563.7,343.79996,343.79996,482.0,185.1,29.561312,24,24.2,121.5
1052.0,11.1555,8.005501,9.230501,10.081902,7.177685,8.331649,39434.805,3315.4404,18.7,18.7,24.0,6.297428,23.039999,143.77774,3.99,0.7187713,2024-01-25 16:00:00,264.15213,246.61635,971283.9,484879.12,362.49997,362.49997,506.0,189.09001,30.280083,25,24.2,121.5
1052.0,12.3555,8.755501,10.115918,11.659226,8.057764,9.552436,39495.594,3744.22,15.2,15.2,24.0,6.489992,34.2,149.64198,4.58,0.78597295,2024-01-26 16:00:00,274.26804,256.1688,1010779.5,488623.34,377.69998,377.69998,530.0,193.67001,31.066055,26,24.2,121.5
1052.0,11.6055,8.755501,9.743,10.633387,8.068575,8.908321,39557.324,1061.8292,15.1,15.1,24.0,5.8048253,25.56,132.5459,3.5,0.6639652,2024-01-27 16:00:00,284.01105,265.07712,1050336.9,489685.2,392.8,392.8,554.0,197.17001,31.73002,27,24.2,121.5
1052.0,14.255501,9.0555,11.542999,14.09457,8.463235,11.299212,39619.92,8833.485,11.299999,11.299999,22.0,6.763786,27.359999,170.63664,6.3,1.0582672,2024-01-28 16:00:00,295.55405,276.37634,1089956.8,498518.7,404.09998,404.09998,576.0,203.47002,32.78829,28,24.2,121.5
1052.0,17.2555,10.3055,13.584666,17.567606,9.591605,13.679915,39683.31,32530.438,18.600004,18.600004,23.0,9.0,32.760002,193.57748,10.92,1.7089117,2024-01-29 16:00:00,309.1387,290.05624,1129640.0,531049.1,422.69998,422.69998,599.0,214.39001,34.4972,29,24.2,121.5
1052.0,17.605501,10.8055,14.374249,18.763931,10.410273,14.813294,39747.414,20643.123,7.4999995,7.4999995,18.0,6.6087217,28.8,196.25041,9.05,1.5316365,2024-01-30 16:00:00,323.51294,304.86954,1169387.4,551692.25,430.19998,430.19998,617.0,223.44002,36.028835,30,24.2,121.5
1052.0,18.605501,13.8555,16.0805,19.637123,13.679035,16.73194,39812.164,33143.914,2.1,2.1,12.0,7.754637,31.319998,198.20245,14.11,2.2739973,2024-01-31 16:00:00,339.59344,321.60147,1209199.5,584836.2,432.3,432.3,629.0,237.55002,38.302834,31,24.2,121.5
1052.0,18.4555,14.1055,15.684666,19.494162,14.455721,16.435602,39877.5,26389.148,8.300001,8.300001,24.0,7.7043357,30.960001,153.6001,11.16,1.8210707,2024-02-01 16:00:00,355.2781,338.03708,1249077.0,611225.3,440.59998,440.59998,653.0,248.71002,40.123905,32,24.2,121.5
1052.0,17.7055,13.9055,15.832584,18.90257,14.636084,16.818048,39943.977,26525.873,6.8,6.8,24.0,6.3690495,30.239998,161.88239,9.84,1.6335796,2024-02-02 16:00:00,371.1107,354.85513,1289021.0,637751.2,447.39996,447.39996,677.0,258.55002,41.757484,33,24.2,121.5
1052.0,18.355501,12.1055,15.743,19.830284,12.289995,16.602036,40011.848,30751.467,6.0999994,6.0999994,22.0,8.0899935,36.719997,213.76428,9.98,1.6956583,2024-02-03 16:00:00,386.8537,371.45715,1329032.9,668502.6,453.49997,453.49997,699.0,268.53003,43.453144,34,24.2,121.5
1052.0,16.5055,10.3555,13.315915,16.671284,10.167322,13.331038,40081.023,15325.635,13.699999,13.699999,22.0,7.0911775,33.12,127.34943,6.75,1.1243144,2024-02-04 16:00:00,400.16962,384.78818,1369113.9,683828.25,467.19998,467.19998,721.0,275.28003,44.577457,35,24.2,121.5
1052.0,15.0555,11.455501,12.757585,15.131668,11.568846,12.889949,40151.41,2595.4827,15.4,15.4,24.0,7.7043357,27.72,143.67903,5.58,0.9525765,2024-02-05 16:00:00,412.92722,397.67813,1409265.2,686423.75,482.59998,482.59998,745.0,280.86002,45.530033,36,24.2,121.5
1052.0,15.6555,8.6055,12.536748,16.112255,7.4619083,12.542876,40222.934,31915.28,19.300001,19.300001,24.0,5.154415,26.64,162.96214,11.15,1.7749684,2024-02-06 16:00:00,425.46396,410.221,1449488.1,718339.0,501.89996,501.89996,769.0,292.01,47.305,37,24.2,121.5
1052.0,11.4055,9.505501,10.297166,10.893268,8.876045,9.758154,40295.496,0.0,43.1,43.1,24.0,6.193674,33.12,130.6012,2.46,0.50957286,2024-02-07 16:00:00,435.76114,419.97916,1489783.6,718339.0,544.99994,544.99994,793.0,294.47,47.81457,38,24.2,121.5
1052.0,11.3055,8.6055,9.786751,10.554046,7.80336,9.074908,40369.02,0.0,37.0,37.0,24.0,5.634891,33.12,146.86772,3.54,0.6600236,2024-02-08 16:00:00,445.54788,429.05408,1530152.6,718339.0,581.99994,581.99994,817.0,298.01,48.474594,39,24.2,121.5
1052.0,10.3055,7.9555,9.118,8.862275,6.9225073,7.9746394,40443.42,0.0,26.699999,26.699999,24.0,6.489992,26.28,124.02441,2.79,0.58999985,2024-02-09 16:00:00,454.6659,437.02872,1570596.0,718339.0,608.69995,608.69995,841.0,300.80002,49.064594,40,24.2,121.5
1052.0,11.255501,7.5555,9.018001,9.160853,6.3508816,7.499666,40518.613,9863.109,10.8,10.8,21.0,7.289444,29.16,116.87809,6.6,1.1337187,2024-02-10 16:00:00,463.6839,444.52838,1611114.6,728202.1,619.49994,619.49994,862.0,307.40002,50.198315,41,24.2,121.5
1052.0,12.5555,7.2055,9.8055,11.03075,5.558402,8.348832,40594.523,15944.736,1.6000001,1.6000001,13.0,7.145796,27.72,142.49127,7.32,1.245733,2024-02-11 16:00:00,473.4894,452.87723,1651709.1,744146.9,621.0999,621.0999,875.0,314.72003,51.444046,42,24.2,121.5
1052.0,15.455501,8.8555,11.855502,14.423321,7.137451,10.711159,40671.066,36000.0,0.3,0.3,3.0,7.7879906,30.960001,194.84848,13.74,2.1539025,2024-02-12 16:00:00,485.3449,463.58838,1692380.2,780146.9,621.3999,621.3999,878.0,328.46002,53.59795,43,24.2,121.5
1052.0,17.855501,9.9055,13.880501,18.674831,8.312108,13.455274,40748.17,35103.31,0.3,0.3,3.0,7.7043357,29.519999,200.98924,18.0,2.8696759,2024-02-13 16:00:00,499.2254,477.04364,1733128.4,815250.2,621.6999,621.6999,881.0,346.46002,56.467625,44,24.2,121.5
1052.0,18.605501,11.8055,14.724251,19.990467,10.5836,14.866843,40825.758,32400.0,9.700001,9.700001,23.0,5.991594,25.199999,222.74542,16.58,2.7435355,2024-02-14 16:00:00,513.94965,491.9105,1773954.1,847650.2,631.3999,631.3999,904.0,363.04,59.21116,45,24.2,121.5
1052.0,14.8555,9.1555,12.347168,14.678595,8.510657,12.231172,40903.75,15266.097,13.9,13.9,24.0,7.7879906,26.64,137.6196,8.04,1.2940531,2024-02-15 16:00:00,526.2968,504.14166,1814857.9,862916.3,645.2999,645.2999,928.0,371.08002,60.50521,46,24.2,121.5
1052.0,17.9055,9.3555,13.628417,18.34233,8.468275,13.803051,40982.074,23137.271,9.0,9.0,24.0,7.42159,27.0,192.44997,10.8,1.7557127,2024-02-16 16:00:00,539.92523,517.9447,1855840.0,886053.56,654.2999,654.2999,952.0,381.88,62.260925,47,24.2,121.5
1052.0,20.105501,12.4055,16.113836,22.028048,12.191483,16.566515,41060.656,33029.082,3.0999994,3.0999994,16.0,9.605998,38.88,203.17744,14.71,2.4629903,2024-02-17 16:00:00,556.03906,534.5112,1896900.6,919082.6,657.3999,657.3999,968.0,396.59,64.723915,48,24.2,121.5
1052.0,21.0555,14.455501,17.470083,23.345432,13.685892,18.179548,41139.42,36161.008,0.4,0.4,3.0,8.427383,36.719997,212.83777,18.23,3.0680444,2024-02-18 16:00:00,573.50916,552.6908,1938040.0,955243.6,657.7999,657.7999,971.0,414.82,67.79196,49,24.2,121.5
1052.0,21.105501,15.755501,17.832582,23.354345,15.212221,18.780233,41218.3,36042.395,0.9000001,0.9000001,9.0,9.346143,37.079998,208.87402,17.46,2.960184,2024-02-19 16:00:00,591.34174,571.471,1979258.2,991286.0,658.69995,658.69995,980.0,432.28,70.752144,50,24.2,121.5
1052.0,21.1555,15.8055,17.922165,23.701988,15.601818,18.920008,41297.227,36218.99,0.1,0.1,1.0,10.538843,39.96,210.73149,19.92,3.2819784,2024-02-20 16:00:00,609.2639,590.391,2020555.5,1027505.0,658.7999,658.7999,981.0,452.2,74.03412,51,24.2,121.5
1052.0,19.855501,12.455501,16.090918,21.254957,11.787952,16.702028,41376.14,32845.08,7.3999996,7.3999996,18.0,8.049845,33.48,185.92741,14.44,2.4111242,2024-02-21 16:00:00,625.35486,607.093,2061931.6,1060350.1,666.19995,666.19995,999.0,466.64,76.445244,52,24.2,121.5
1052.0,15.8055,12.3055,13.861752,16.1395,12.683788,14.185799,41455.6,15343.277,9.6,9.6,24.0,7.771331,26.64,110.97985,8.53,1.395711,2024-02-22 16:00:00,639.2166,621.2788,2103387.2,1075693.4,675.7999,675.7999,1023.0,475.17,77.84096,53,24.2,121.5
1052.0,15.505501,11.255501,13.251332,15.437208,11.4957695,13.415588,41535.883,23037.41,8.7,8.7,23.0,7.9036193,26.28,136.3321,8.32,1.350719,2024-02-23 16:00:00,652.46796,634.6944,2144923.2,1098730.8,684.49994,684.49994,1046.0,483.49002,79.19167,54,24.2,121.5
1052.0,14.255501,10.755501,11.963833,13.947403,10.336393,11.621353,41616.914,15886.406,10.299999,10.299999,24.0,7.10031,27.359999,123.85712,7.51,1.2273996,2024-02-24 16:00:00,664.43176,646.31573,2186540.2,1114617.1,694.7999,694.7999,1070.0,491.00003,80.419075,55,24.2,121.5
1052.0,12.5555,10.0555,11.14925,11.69883,9.325682,10.494891,41698.62,1442.6245,15.3,15.3,24.0,6.792466,25.919998,131.22766,5.32,0.92763454,2024-02-25 16:00:00,675.581,656.8106,2228238.8,1116059.8,710.0999,710.0999,1094.0,496.32004,81.34671,56,24.2,121.5
1052.0,12.005501,10.205501,10.818,11.483719,9.818083,10.421761,41780.945,0.0,23.700003,23.700003,24.0,5.8048253,25.199999,133.69388,3.55,0.67137307,2024-02-26 16:00:00,686.399,667.23236,2270019.8,1116059.8,733.7999,733.7999,1118.0,499.87003,82.01808,57,24.2,121.5
1052.0,16.5055,10.505501,13.528416,16.606829,10.253213,13.64615,41863.805,20922.91,6.5999994,6.5999994,20.0,7.491114,29.16,161.98012,10.99,1.7846433,2024-02-27 16:00:00,699.9274,680.87854,2311883.5,1136982.6,740.3999,740.3999,1138.0,510.86002,83.80273,58,24.2,121.5
1052.0,19.0055,12.1055,14.826332,20.869278,12.139204,15.672751,41947.15,30598.441,15.200002,15.200002,22.0,7.8625183,31.319998,188.95471,15.13,2.4671414,2024-02-28 16:00:00,714.7538,696.5513,2353830.8,1167581.1,755.5999,755.5999,1160.0,525.99,86.26987,59,24.2,121.5
1052.0,12.6555,7.9555,10.6346655,13.070826,6.9825087,10.115946,42030.895,0.0,28.699997,28.699997,24.0,6.696387,29.16,130.57173,4.19,0.7367258,2024-02-29 16:00:00,725.3884,706.66724,2395861.8,1167581.1,784.2999,784.2999,1184.0,530.18,87.00659,60,24.2,121.5
1052.0,9.8555,7.4555,8.595084,9.05428,6.2174654,7.6188207,42114.99,2756.1687,37.0,37.0,24.0,5.1919937,26.64,134.82793,4.25,0.6966091,2024-03-01 16:00:00,733.9835,714.2861,2437976.8,1170337.2,821.2999,821.2999,1208.0,534.43,87.7032,61,24.2,121.5
1052.0,14.6055,9.4055,11.467999,14.424446,8.917628,11.256439,42199.367,15370.611,8.3,8.3,22.0,6.28713,25.199999,135.60301,8.29,1.3586566,2024-03-02 16:00:00,745.45154,725.5425,2480176.0,1185707.9,829.5999,829.5999,1230.0,542.72,89.06186,62,24.2,121.5
1052.0,19.0555,7.5555,14.895084,21.00092,5.765682,15.051917,42283.953,37105.25,0.4,0.4,4.0,8.28,34.56,219.04588,19.76,3.1575785,2024-03-03 16:00:00,760.3466,740.5944,2522460.0,1222813.1,829.99994,829.99994,1234.0,562.48,92.21944,63,24.2,121.5
1052.0,22.4555,12.0555,17.44925,24.993256,11.042365,17.935722,42368.695,39068.55,0.5,0.5,5.0,8.891343,39.6,268.92197,21.36,3.7852795,2024-03-04 16:00:00,777.7959,758.53015,2564828.8,1261881.6,830.49994,830.49994,1239.0,583.83997,96.004715,64,24.2,121.5
1052.0,17.855501,11.9055,15.013832,18.813671,11.994837,15.217292,42453.527,25468.254,9.400001,9.400001,13.0,9.290511,41.039997,319.63565,13.25,2.233215,2024-03-05 16:00:00,792.80975,773.74744,2607282.2,1287349.9,839.89996,839.89996,1252.0,597.08997,98.23793,65,24.2,121.5
1052.0,13.1555,10.6055,11.457583,12.700678,10.166709,11.16835,42538.387,94.80675,23.999996,23.999996,24.0,6.489992,26.64,127.568665,3.74,0.70522386,2024-03-06 16:00:00,804.26733,784.9158,2649820.8,1287444.6,863.89996,863.89996,1276.0,600.82996,98.94315,66,24.2,121.5
1052.0,11.205501,8.1055,9.701335,10.195555,6.5976048,8.570724,42623.21,0.0,26.899994,26.899994,24.0,6.489992,25.919998,115.09151,4.37,0.8111201,2024-03-07 16:00:00,813.9687,793.4865,2692444.0,1287444.6,890.7999,890.7999,1300.0,605.19995,99.75427,67,24.2,121.5
1052.0,10.0555,8.005501,8.826333,8.463284,6.6104946,7.457334,42707.94,339.48965,13.4,13.4,24.0,5.815978,23.4,125.8487,4.78,0.85138947,2024-03-08 16:00:00,822.79504,800.94385,2735152.0,1287784.1,904.19995,904.19995,1324.0,609.98,100.60566,68,24.2,121.5
1052.0,12.1055,8.3055,10.217999,11.422624,7.3875628,9.586037,42792.508,3636.578,8.000001,8.000001,23.0,5.495161,21.24,135.57869,5.07,0.8810146,2024-03-09 16:00:00,833.01306,810.5299,2777944.5,1291420.8,912.19995,912.19995,1347.0,615.05,101.48667,69,24.2,121.5
1052.0,16.2055,10.6055,13.067998,16.532442,10.461944,13.168637,42876.86,11897.058,12.599999,12.599999,24.0,7.5685663,35.64,205.52965,8.67,1.5037854,2024-03-10 16:00:00,846.08105,823.69855,2820821.2,1303317.8,924.7999,924.7999,1371.0,623.72,102.990456,70,24.2,121.5
1052.0,15.1555,9.005501,12.363833,14.480234,7.9436846,11.579265,42960.92,31657.688,6.5,6.5,21.0,8.427383,37.44,121.74278,11.69,1.9214063,2024-03-11 16:00:00,858.4449,835.27783,2863782.2,1334975.5,931.2999,931.2999,1392.0,635.41,104.911865,71,24.2,121.5
1052.0,12.3555,7.3055,10.403417,11.117491,6.046735,9.265078,43044.66,17935.297,4.4999995,4.4999995,20.0,6.8777895,23.759998,147.0023,8.01,1.3121814,2024-03-12 16:00:00,868.8483,844.5429,2906827.0,1352910.8,935.7999,935.7999,1412.0,643.42,106.224045,72,24.2,121.5
1052.0,14.255501,9.5555,12.268001,14.0851555,8.650382,11.834132,43128.582,13336.761,3.2000003,3.2000003,19.0,6.3690495,23.759998,163.76112,8.69,1.404047,2024-03-13 16:00:00,881.11633,856.377,2949955.5,1366247.5,938.99994,938.99994,1431.0,652.11,107.62809,73,24.2,121.5
1052.0,15.9055,10.455501,13.195084,15.736872,10.149854,13.108525,43212.945,27112.652,4.8,4.8,18.0,7.928177,30.599998,173.63391,10.95,1.760986,2024-03-14 16:00:00,894.3114,869.48553,2993168.5,1393360.1,943.7999,943.7999,1449.0,663.06,109.38908,74,24.2,121.5
1052.0,18.2055,10.4055,14.46175,19.221325,9.606902,14.871987,43297.688,31644.666,4.7999997,4.7999997,8.0,7.24486,29.88,193.26334,15.17,2.4513714,2024-03-15 16:00:00,908.77313,884.35754,3036466.2,1425004.8,948.5999,948.5999,1457.0,678.23,111.84045,75,24.2,121.5
1052.0,19.105501,11.8055,15.897167,21.383677,11.675106,16.81866,43382.76,38615.086,10.6,10.6,18.0,6.6087217,28.44,157.96373,17.69,2.8788755,2024-03-16 16:00:00,924.6703,901.1762,3079849.0,1463619.9,959.1999,959.1999,1475.0,695.92,114.71932,76,24.2,121.5
1052.0,16.3055,13.255501,14.547168,16.910143,14.186544,15.23735,43468.11,3213.897,22.800003,22.800003,21.0,7.10031,26.64,122.58564,6.62,1.1634027,2024-03-17 16:00:00,939.21747,916.4136,3123317.0,1466833.8,981.9999,981.9999,1496.0,702.54,115.88273,77,24.2,121.5
1052.0,15.6055,11.1055,13.482582,15.798246,10.713148,13.520232,43553.67,12401.753,9.500001,9.500001,18.0,8.557102,23.039999,122.16439,7.29,1.2560141,2024-03-18 16:00:00,952.7001,929.9338,3166870.8,1479235.5,991.4999,991.4999,1514.0,709.82996,117.13874,78,24.2,121.5
1052.0,12.5555,9.1055,10.390917,10.722502,7.612665,8.804391,43639.39,26144.53,5.8999987,5.8999987,18.0,10.1376915,36.0,97.00396,13.14,1.9351478,2024-03-19 16:00:00,963.091,938.73816,3210510.2,1505380.0,997.3999,997.3999,1532.0,722.97,119.07389,79,24.2,121.5
1052.0,12.455501,9.205501,10.859668,11.179095,7.948164,9.716229,43725.22,31792.23,2.7999997,2.7999997,13.0,7.2,25.919998,146.43542,8.91,1.439054,2024-03-20 16:00:00,973.9507,948.4544,3254235.5,1537172.2,1000.1999,1000.1999,1545.0,731.87994,120.51295,80,24.2,121.5
1052.0,16.4555,11.6055,14.163834,16.680513,10.844064,14.0090475,43811.098,22597.395,1.0,1.0,8.0,9.178235,34.2,191.20905,10.15,1.6718665,2024-03-21 16:00:00,988.1145,962.46344,3298046.5,1559769.6,1001.1999,1001.1999,1553.0,742.02997,122.184814,81,24.2,121.5
1052.0,21.4055,13.455501,17.347166,23.758541,13.243696,18.515203,43896.97,37167.32,0.6,0.6,4.0,10.182337,39.6,213.33607,19.05,3.2144861,2024-03-22 16:00:00,1005.4617,980.97864,3341943.5,1596937.0,1001.79987,1001.79987,1557.0,761.07996,125.3993,82,24.2,121.5
1052.0,21.855501,15.5555,18.457584,24.978765,15.784637,20.022251,43982.78,38062.78,1.0,1.0,9.0,6.830519,29.16,217.78578,19.33,3.3456953,2024-03-23 16:00:00,1023.91925,1001.0009,3385926.2,1634999.8,1002.79987,1002.79987,1566.0,780.41,128.745,83,24.2,121.5
1052.0,23.105501,15.6555,19.11175,27.053455,16.409992,20.857399,44068.477,40037.137,0.1,0.1,1.0,8.209263,34.2,218.05486,23.2,4.079072,2024-03-24 16:00:00,1043.031,1021.85834,3429994.8,1675036.9,1002.89984,1002.89984,1567.0,803.61,132.82407,84,24.2,121.5
1052.0,20.605501,14.255501,16.853416,23.068087,15.1462555,17.756393,44153.996,28642.691,5.2999997,5.2999997,13.0,9.107359,35.64,119.74478,18.93,3.2064648,2024-03-25 16:00:00,1059.8844,1039.6147,3474148.8,1703679.6,1008.1998,1008.1998,1580.0,822.54,136.03053,85,24.2,121.5
1052.0,18.5055,13.1055,15.774249,20.431438,13.775749,16.799582,44239.29,33602.047,1.6000001,1.6000001,12.0,7.386582,28.44,148.72713,15.14,2.5101416,2024-03-26 16:00:00,1075.6587,1056.4143,3518388.0,1737281.6,1009.7998,1009.7998,1592.0,837.68,138.54068,86,24.2,121.5
1052.0,21.9055,13.0555,17.509666,25.31735,12.833042,18.58942,44324.297,41683.266,8.900001,8.900001,7.0,7.2,34.56,248.65414,21.01,3.7288446,2024-03-27 16:00:00,1093.1683,1075.0038,3562712.2,1778964.9,1018.6998,1018.6998,1599.0,858.69,142.26953,87,24.2,121.5
1052.0,19.105501,11.5555,15.670083,20.74216,11.168617,16.426678,44408.96,27631.818,3.8,3.8,11.0,6.638072,36.36,204.51967,13.87,2.4126098,2024-03-28 16:00:00,1108.8384,1091.4304,3607121.2,1806596.8,1022.4998,1022.4998,1610.0,872.56,144.68214,88,24.2,121.5
1052.0,21.0555,15.7055,17.17008,22.9171,16.17485,18.287676,44493.22,19270.395,3.6,3.6,11.0,6.28713,39.6,238.36398,11.21,2.049071,2024-03-29 16:00:00,1126.0084,1109.7181,3651614.5,1825867.1,1026.0999,1026.0999,1621.0,883.77,146.73122,89,24.2,121.5
1052.0,21.6555,15.6055,18.676332,24.87674,16.155542,20.00714,44577.02,29390.65,1.2000002,1.2000002,5.0,7.8954163,57.6,274.3025,17.36,3.1629052,2024-03-30 16:00:00,1144.6848,1129.7252,3696191.5,1855257.8,1027.2998,1027.2998,1626.0,901.13,149.89412,90,24.2,121.5
1052.0,19.3055,12.9055,16.913832,20.419836,13.176352,18.001661,44660.305,16730.621,7.3999996,7.3999996,12.0,5.904439,27.359999,200.6236,10.22,1.8984329,2024-03-31 16:00:00,1161.5986,1147.7269,3740851.8,1871988.4,1034.6998,1034.6998,1638.0,911.35,151.79256,91,24.2,121.5
1052.0,23.105501,13.8055,18.782583,27.26141,14.179075,20.536074,44743.016,42096.348,0.2,0.2,2.0,8.64,36.719997,221.75377,23.26,4.0995355,2024-04-01 16:00:00,1180.3812,1168.2631,3785594.8,1914084.8,1034.8998,1034.8998,1640.0,934.61,155.89209,92,24.2,121.5
1052.0,25.0555,13.8055,20.1555,29.26336,13.44817,22.357996,44825.652,42177.223,0.0,0.0,0.0,7.729527,31.68,265.33325,25.7,4.7496676,2024-04-02 16:00:00,1200.5367,1190.6211,3830420.5,1956262.0,1034.8998,1034.8998,1640.0,960.31,160.64175,93,24.2,121.5
1052.0,22.8055,14.455501,19.007582,26.859703,14.673935,21.047249,44908.438,40323.19,1.8000002,1.8000002,10.0,6.297428,27.0,77.00525,22.86,4.079613,2024-04-03 16:00:00,1219.5443,1211.6683,3875329.0,1996585.2,1036.6998,1036.6998,1650.0,983.17,164.72137,94,24.2,121.5
1052.0,21.2555,15.3555,17.665918,24.334934,16.633467,19.439798,44991.332,29537.863,12.5,12.5,18.0,8.373386,34.92,117.4396,17.67,3.0622482,2024-04-04 16:00:00,1237.2102,1231.1082,3920320.2,2026123.1,1049.1998,1049.1998,1668.0,1000.83997,167.78363,95,24.2,121.5
1052.0,19.5055,15.205501,17.182585,21.252134,16.615955,19.033407,45074.266,33814.41,44.2,44.2,24.0,6.489992,37.079998,128.38202,15.51,2.6666267,2024-04-05 16:00:00,1254.3928,1250.1416,3965394.5,2059937.5,1093.3998,1093.3998,1692.0,1016.35,170.45026,96,24.2,121.5
1052.0,19.0055,14.6555,16.534666,21.116257,15.65361,18.247635,45157.203,8894.541,30.1,30.1,23.0,5.0911684,21.24,295.0169,6.25,1.2142814,2024-04-06 16:00:00,1270.9275,1268.3893,4010551.8,2068832.0,1123.4998,1123.4998,1715.0,1022.6,171.66454,97,24.2,121.5
1052.0,21.0555,13.955501,17.609667,24.665094,14.509449,19.32426,45240.074,42451.457,3.7,3.7,13.0,6.725354,26.64,306.60693,18.31,3.271501,2024-04-07 16:00:00,1288.5371,1287.7135,4055791.8,2111283.5,1127.1997,1127.1997,1728.0,1040.91,174.93604,98,24.2,121.5
1052.0,16.7055,14.205501,15.217999,17.72293,14.675367,16.023405,45322.83,0.0,12.0,12.0,24.0,6.379216,25.199999,104.565834,4.55,0.9321237,2024-04-08 16:00:00,1303.7551,1303.7369,4101114.5,2111283.5,1139.1997,1139.1997,1752.0,1045.4601,175.86816,99,24.2,121.5
1052.0,17.355501,13.755501,15.503415,18.33966,14.620308,16.51451,45405.418,2578.4685,7.4999995,7.4999995,24.0,6.6087217,30.960001,130.28722,5.54,1.0966415,2024-04-09 16:00:00,1319.2585,1320.2515,4146520.0,2113862.0,1146.6997,1146.6997,1776.0,1051.0001,176.96481,100,24.2,121.5
1052.0,20.1555,15.6555,18.011751,22.937563,16.950874,19.69084,45487.77,39863.484,2.8999999,2.8999999,10.0,6.1305785,28.08,180.40636,17.59,3.0719318,2024-04-10 16:00:00,1337.2703,1339.9423,4192007.8,2153725.5,1149.5997,1149.5997,1786.0,1068.5901,180.03674,101,24.2,121.5
1052.0,21.855501,15.455501,18.938833,25.260347,16.208508,20.891462,45569.83,42719.586,4.6,4.6,10.0,5.95906,31.319998,210.08408,20.27,3.6099875,2024-04-11 16:00:00,1356.2091,1360.8337,4237577.5,2196445.0,1154.1997,1154.1997,1796.0,1088.8601,183.64673,102,24.2,121.5
1052.0,21.4555,16.2555,19.053415,24.801466,17.653936,21.170956,45651.547,42517.973,11.5,11.5,14.0,5.3999996,30.239998,207.40747,19.17,3.4427454,2024-04-12 16:00:00,1375.2626,1382.0046,4283229.0,2238963.0,1165.6997,1165.6997,1810.0,1108.0302,187.08948,103,24.2,121.5
1052.0,23.0555,14.6555,19.463833,27.038248,14.908833,21.701218,45732.86,42767.008,2.8,2.8,5.0,8.311245,39.6,225.96437,23.7,4.205411,2024-04-13 16:00:00,1394.7264,1403.7058,4328962.0,2281730.0,1168.4998,1168.4998,1815.0,1131.7301,191.29489,104,24.2,121.5
1052.0,23.105501,14.955501,20.130499,27.11594,14.759298,22.22719,45813.7,42677.742,6.8000007,6.8000007,12.0,7.42159,30.599998,299.91354,20.4,3.793175,2024-04-14 16:00:00,1414.8569,1425.933,4374775.5,2324407.8,1175.2998,1175.2998,1827.0,1152.1301,195.08807,105,24.2,121.5
1052.0,23.9555,14.3055,19.547167,28.396671,15.331532,22.114614,45894.016,42814.82,9.299999,9.299999,6.0,5.634891,30.239998,199.4402,22.07,4.047656,2024-04-15 16:00:00,1434.404,1448.0476,4420669.5,2367222.5,1184.5999,1184.5999,1833.0,1174.2001,199.13573,106,24.2,121.5
1052.0,24.6555,15.9555,19.978415,28.688755,16.186714,22.022255,45973.74,42838.914,1.7,1.7,7.0,7.6367526,34.2,233.42688,26.13,4.802747,2024-04-16 16:00:00,1454.3824,1470.0698,4466643.0,2410061.5,1186.2998,1186.2998,1840.0,1200.3301,203.93848,107,24.2,121.5
1052.0,21.2055,14.005501,17.5305,23.0225,14.20126,18.779352,46052.81,32400.0,10.000001,10.000001,11.0,7.5170207,34.2,78.14711,16.21,2.84965,2024-04-17 16:00:00,1471.913,1488.8491,4512696.0,2442461.5,1196.2998,1196.2998,1851.0,1216.54,206.78813,108,24.2,121.5
1052.0,20.855501,15.855501,18.18675,24.424732,17.031916,19.953672,46131.164,38571.363,2.7,2.7,7.0,7.9932966,35.64,165.5375,16.7,2.8713064,2024-04-18 16:00:00,1490.0997,1508.8027,4558827.0,2481032.8,1198.9998,1198.9998,1858.0,1233.24,209.65944,109,24.2,121.5
1052.0,23.4055,16.2055,19.90758,27.686974,16.630186,22.10259,46208.734,42912.168,1.8000001,1.8000001,7.0,7.24486,35.28,219.33267,24.4,4.3809934,2024-04-19 16:00:00,1510.0073,1530.9053,4605035.5,2523945.0,1200.7998,1200.7998,1865.0,1257.64,214.04044,110,24.2,121.5
1052.0,24.355501,17.7555,20.493,29.10313,18.221708,22.656775,46285.45,32520.896,3.1999998,3.1999998,6.0,6.1305785,26.64,198.4351,23.65,4.4170294,2024-04-20 16:00:00,1530.5004,1553.562,4651321.0,2556466.0,1203.9998,1203.9998,1871.0,1281.29,218.45746,111,24.2,121.5
1052.0,23.0555,17.5555,19.747168,27.024948,18.494083,21.675634,46361.26,40702.26,6.199999,6.199999,11.0,6.6185193,39.239998,225.74396,19.7,3.60387,2024-04-21 16:00:00,1550.2476,1575.2377,4697682.5,2597168.2,1210.1997,1210.1997,1882.0,1300.99,222.06133,112,24.2,121.5
1052.0,22.6555,14.205501,19.063833,26.378162,14.00745,20.679827,46436.63,35625.24,3.0999997,3.0999997,9.0,7.42159,34.92,287.76495,20.59,3.8259573,2024-04-22 16:00:00,1569.3114,1595.9175,4744119.0,2632793.5,1213.2997,1213.2997,1891.0,1321.58,225.88728,113,24.2,121.5
1052.0,19.9055,15.4055,17.6305,22.186161,16.735409,19.52896,46511.777,23254.332,10.5,10.5,16.0,5.2416787,28.08,76.309944,13.17,2.3884902,2024-04-23 16:00:00,1586.9419,1615.4464,4790631.0,2656047.8,1223.7997,1223.7997,1907.0,1334.75,228.27577,114,24.2,121.5
1052.0,21.2055,16.8055,18.140915,23.870304,18.15702,20.25994,46586.656,7386.225,11.099999,11.099999,17.0,4.379589,51.12,218.08887,10.11,1.9495476,2024-04-24 16:00:00,1605.0828,1635.7063,4837217.5,2663434.0,1234.8997,1234.8997,1924.0,1344.86,230.22533,115,24.2,121.5
1052.0,21.8055,15.6055,18.82425,24.699625,16.554773,20.939512,46661.203,6816.5205,19.800001,19.800001,20.0,6.849467,42.839996,283.81006,9.59,1.9079167,2024-04-25 16:00:00,1623.907,1656.6458,4883878.5,2670250.5,1254.6997,1254.6997,1944.0,1354.45,232.13324,116,24.2,121.5
1052.0,21.9055,16.2055,19.353416,24.535824,16.978413,21.39622,46735.355,20370.773,3.8,3.8,16.0,6.696387,32.760002,198.435,13.51,2.5132673,2024-04-26 16:00:00,1643.2604,1678.042,4930614.0,2690621.2,1258.4998,1258.4998,1960.0,1367.96,234.6465,117,24.2,121.5
1052.0,22.7555,16.3055,19.522167,26.978218,17.743559,21.67253,46809.062,35213.29,12.8,12.8,13.0,5.506941,37.44,256.34518,16.77,3.1231863,2024-04-27 16:00:00,1662.7826,1699.7145,4977423.0,2725834.5,1271.2998,1271.2998,1973.0,1384.73,237.76968,118,24.2,121.5
1052.0,24.6555,15.6055,20.82425,28.893059,16.027779,23.097986,46882.26,43141.98,0.8000001,0.8000001,6.0,7.289445,44.639996,304.59235,22.53,4.298035,2024-04-28 16:00:00,1683.6068,1722.8125,5024305.5,2768976.5,1272.0999,1272.0999,1979.0,1407.26,242.06772,119,24.2,121.5
1052.0,25.0055,17.5555,21.020082,29.388912,18.876116,23.380455,46954.88,43168.273,1.0,1.0,7.0,7.9526596,37.8,251.73698,24.98,4.6473393,2024-04-29 16:00:00,1704.627,1746.193,5071260.5,2812144.8,1273.0999,1273.0999,1986.0,1432.24,246.71506,120,24.2,121.5
1052.0,22.0055,16.105501,18.386751,24.860905,16.937063,20.300098,47026.867,16647.887,11.299999,11.299999,16.0,7.5942082,32.399998,269.9997,15.83,2.9201884,2024-04-30 16:00:00,1723.0137,1766.493,5118287.5,2828792.8,1284.3999,1284.3999,2002.0,1448.07,249.63524,121,24.2,121.5
1052.0,19.5555,14.3555,17.180498,21.648306,15.430841,18.80821,47098.152,28800.0,11.699999,11.699999,24.0,5.506941,26.28,97.06251,14.11,2.510278,2024-05-01 16:00:00,1740.1942,1785.3013,5165385.5,2857592.8,1296.0999,1296.0999,2026.0,1462.1799,252.14552,122,24.2,121.5
1052.0,20.355501,15.9555,17.968,23.046793,17.461624,20.009703,47168.67,26272.232,17.699999,17.699999,19.0,6.6087217,30.239998,133.54614,12.74,2.2802064,2024-05-02 16:00:00,1758.1622,1805.3109,5212554.0,2883865.0,1313.7998,1313.7998,2045.0,1474.9199,254.42574,123,24.2,121.5
1052.0,21.7055,16.4555,19.143002,24.921017,18.191553,21.541939,47238.363,34418.97,18.2,18.2,21.0,6.489992,26.64,158.8601,15.43,2.8255544,2024-05-03 16:00:00,1777.3052,1826.8529,5259792.5,2918284.0,1331.9998,1331.9998,2066.0,1490.35,257.25128,124,24.2,121.5
1052.0,23.1555,16.0055,19.734667,27.456942,17.424189,22.22151,47307.15,39818.047,13.999999,13.999999,14.0,7.342588,33.12,190.82295,19.98,3.6093953,2024-05-04 16:00:00,1797.0398,1849.0745,5307099.5,2958102.0,1345.9998,1345.9998,2080.0,1510.33,260.8607,125,24.2,121.5
1052.0,26.0055,15.755501,20.384666,29.027836,16.842457,22.997152,47374.973,41335.562,8.499999,8.499999,16.0,6.638072,24.48,67.9887,23.38,4.265695,2024-05-05 16:00:00,1817.4244,1872.0717,5354474.5,2999437.5,1354.4998,1354.4998,2096.0,1533.71,265.12637,126,24.2,121.5
1052.0,21.1555,15.9555,18.5805,24.35992,17.659943,20.742079,47441.758,31848.842,15.0,15.0,22.0,7.24486,31.319998,115.15926,15.94,2.8448586,2024-05-06 16:00:00,1836.0049,1892.8137,5401916.5,3031286.2,1369.4998,1369.4998,2118.0,1549.6499,267.97122,127,24.2,121.5
1052.0,20.4055,15.205501,17.470085,22.739414,16.423267,19.055662,47507.438,29695.033,32.0,32.0,21.0,6.4799995,36.36,94.61984,13.57,2.3907604,2024-05-07 16:00:00,1853.475,1911.8694,5449424.0,3060981.2,1401.4998,1401.4998,2139.0,1563.2198,270.36197,128,24.2,121.5
1052.0,17.1555,14.6055,15.815917,17.769115,15.120464,16.474688,47571.934,8170.6807,3.6000001,3.6000001,21.0,6.6185193,27.72,111.20634,8.04,1.530562,2024-05-08 16:00:00,1869.2909,1928.3441,5496996.0,3069152.0,1405.0997,1405.0997,2160.0,1571.2599,271.89252,129,24.2,121.5
1052.0,20.5055,14.755501,17.580498,22.204613,15.4935665,18.772236,47635.184,38039.973,0.3,0.3,3.0,7.653705,34.2,149.07045,17.23,3.0137882,2024-05-09 16:00:00,1886.8713,1947.1163,5544631.0,3107192.0,1405.3998,1405.3998,2163.0,1588.4899,274.9063,130,24.2,121.5
1052.0,21.105501,17.0055,18.976332,23.781946,18.1591,20.85666,47697.105,27139.28,4.4,4.4,9.0,6.439876,29.16,176.20178,15.85,2.8459828,2024-05-10 16:00:00,1905.8477,1967.973,5592328.0,3134331.2,1409.7998,1409.7998,2172.0,1604.3398,277.7523,131,24.2,121.5
1052.0,23.5555,16.4055,19.922165,27.609985,17.60659,22.352562,47757.637,33498.34,6.2999997,6.2999997,14.0,6.638072,36.719997,208.89633,22.54,4.137773,2024-05-11 16:00:00,1925.7698,1990.3256,5640085.5,3167829.5,1416.0999,1416.0999,2186.0,1626.8799,281.89008,132,24.2,121.5
1052.0,18.355501,14.705501,16.603418,19.996838,15.794777,17.83215,47817.17,9520.944,11.599999,11.599999,23.0,6.9899354,23.039999,105.25519,6.29,1.2506328,2024-05-12 16:00:00,1942.3732,2008.1577,5687902.5,3177350.5,1427.6998,1427.6998,2209.0,1633.1699,283.14072,133,24.2,121.5
1052.0,17.7555,14.6055,16.188833,18.94687,15.511549,17.344393,47875.914,3355.2964,8.400001,8.400001,20.0,7.10031,31.319998,128.69841,6.94,1.348409,2024-05-13 16:00:00,1958.562,2025.5021,5735778.5,3180705.8,1436.0999,1436.0999,2229.0,1640.1099,284.48914,134,24.2,121.5
1052.0,20.0555,13.6555,16.995083,21.831915,13.928335,18.262835,47933.812,30495.008,8.9,8.9,14.0,8.049845,33.839996,110.61832,16.02,2.7956083,2024-05-14 16:00:00,1975.5571,2043.7649,5783712.5,3211200.8,1444.9999,1444.9999,2243.0,1656.1299,287.28473,135,24.2,121.5
1052.0,16.9555,13.4055,15.507584,17.119558,13.8422165,15.854016,47990.805,22070.387,11.500001,11.500001,19.0,10.041354,29.88,110.78989,11.22,1.9438902,2024-05-15 16:00:00,1991.0647,2059.619,5831703.5,3233271.2,1456.4999,1456.4999,2262.0,1667.3499,289.2286,136,24.2,121.5
1052.0,19.2555,14.6055,17.04925,20.57707,15.275522,18.221727,48046.844,31946.436,1.6000001,1.6000001,6.0,7.653705,30.599998,160.01682,13.76,2.4247763,2024-05-16 16:00:00,2008.1139,2077.8406,5879750.5,3265217.8,1458.0999,1458.0999,2268.0,1681.1099,291.65338,137,24.2,121.5
1052.0,21.2055,14.955501,18.047165,23.971197,16.311844,19.930117,48101.863,35139.332,12.1,12.1,14.0,6.489992,30.239998,137.81564,17.38,3.0761282,2024-05-17 16:00:00,2026.161,2097.7708,5927852.5,3300357.0,1470.1998,1470.1998,2282.0,1698.4899,294.72952,138,24.2,121.5
1052.0,21.7055,15.3055,18.511751,24.295729,16.85176,20.780668,48155.816,22293.951,12.600001,12.600001,18.0,6.618519,24.48,140.24188,13.13,2.4071417,2024-05-18 16:00:00,2044.6727,2118.5515,5976008.5,3322651.0,1482.7998,1482.7998,2300.0,1711.6199,297.13666,139,24.2,121.5
1052.0,20.105501,16.9555,18.96175,23.12654,19.092344,21.688189,48208.637,9079.437,46.0,46.0,17.0,4.6102495,20.880001,139.02835,6.41,1.276451,2024-05-19 16:00:00,2063.6345,2140.2397,6024217.0,3331730.5,1528.7998,1528.7998,2317.0,1718.0299,298.41312,140,24.2,121.5
1052.0,21.105501,17.5555,19.465916,24.233177,19.56573,22.507215,48260.273,6992.0957,44.099995,44.099995,23.0,4.1046314,23.759998,341.56503,7.88,1.5449762,2024-05-20 16:00:00,2083.1003,2162.747,6072477.5,3338722.5,1572.8998,1572.8998,2340.0,1725.9099,299.9581,141,24.2,121.5
1052.0,22.2555,17.355501,19.77633,25.475971,19.4028,22.61277,48310.668,14972.891,29.099998,29.099998,21.0,4.829907,22.68,44.999897,11.66,2.2489288,2024-05-21 16:00:00,2102.8767,2185.3599,6120788.0,3353695.5,1601.9998,1601.9998,2361.0,1737.57,302.20703,142,24.2,121.5
1052.0,23.9055,16.4055,19.699251,26.810549,18.3076,22.44786,48359.758,28114.205,19.199999,19.199999,20.0,4.3349743,23.4,101.07018,13.71,2.624731,2024-05-22 16:00:00,2122.576,2207.8076,6169148.0,3381809.8,1621.1997,1621.1997,2381.0,1751.2799,304.83176,143,24.2,121.5
1052.0,23.855501,16.5055,19.665918,27.177439,18.340977,22.444695,48407.477,6918.634,18.5,18.5,24.0,4.6102495,29.519999,125.75413,11.21,2.177711,2024-05-23 16:00:00,2142.242,2230.2522,6217555.5,3388728.5,1639.6997,1639.6997,2405.0,1762.4899,307.00946,144,24.2,121.5
1052.0,21.5055,18.0555,20.109667,24.881855,20.524878,23.031569,48453.777,18095.535,27.299997,27.299997,24.0,5.1165614,24.48,160.49744,11.75,2.2368107,2024-05-24 16:00:00,2162.3516,2253.2837,6266009.5,3406824.0,1666.9998,1666.9998,2429.0,1774.2399,309.24628,145,24.2,121.5
1052.0,22.0055,18.2555,20.093002,25.57766,21.007914,23.255678,48498.594,44.32457,32.0,32.0,24.0,5.8048253,26.28,194.66974,8.33,1.6322625,2024-05-25 16:00:00,2182.4446,2276.5393,6314508.0,3406868.2,1698.9998,1698.9998,2453.0,1782.5698,310.87854,146,24.2,121.5
1052.0,23.855501,17.8055,20.661749,27.949707,20.09039,23.40976,48541.863,21208.13,32.199997,32.199997,19.0,9.114471,38.519997,231.6624,13.55,2.5978336,2024-05-26 16:00:00,2203.1064,2299.949,6363050.0,3428076.5,1731.1997,1731.1997,2472.0,1796.1199,313.47638,147,24.2,121.5
1052.0,23.3055,17.5055,19.922165,27.913158,18.829798,22.342749,48583.523,17503.82,9.5,9.5,15.0,8.427383,36.36,27.474371,12.47,2.412997,2024-05-27 16:00:00,2223.0286,2322.2917,6411633.5,3445580.2,1740.6997,1740.6997,2487.0,1808.5898,315.88937,148,24.2,121.5
1052.0,20.1555,16.6555,18.315914,22.04687,18.37744,20.362303,48623.516,12942.935,19.1,19.1,21.0,6.2145634,26.64,101.944176,8.81,1.7099887,2024-05-28 16:00:00,2241.3445,2342.654,6460257.0,3458523.2,1759.7997,1759.7997,2508.0,1817.3999,317.59937,149,24.2,121.5
1052.0,22.7055,16.8055,20.165916,26.44194,18.69231,23.118408,48661.777,29655.463,12.399999,12.399999,18.0,7.5942082,24.84,188.59116,12.56,2.3537016,2024-05-29 16:00:00,2261.5105,2365.7725,6508919.0,3488178.8,1772.1997,1772.1997,2526.0,1829.96,319.95306,150,24.2,121.5
1052.0,25.1555,18.355501,21.928413,31.270908,20.62388,25.617653,48698.246,37491.58,17.3,17.3,19.0,5.815978,30.239998,307.20798,19.45,3.7277725,2024-05-30 16:00:00,2283.439,2391.3901,6557617.0,3525670.2,1789.4998,1789.4998,2545.0,1849.4099,323.68085,151,24.2,121.5
1052.0,24.7055,16.9555,21.061752,29.409977,18.590227,24.474127,48732.867,26270.215,6.9999995,6.9999995,19.0,4.3498964,33.839996,247.24901,17.44,3.411243,2024-05-31 16:00:00,2304.5007,2415.8643,6606350.0,3551940.5,1796.4998,1796.4998,2564.0,1866.8499,327.0921,152,24.2,121.5
1052.0,23.7555,18.105501,20.490917,27.624239,20.30609,23.76261,48765.87,21392.445,17.099998,17.099998,24.0,4.8433046,41.760002,13.348721,12.93,2.5255842,2024-06-01 16:00:00,2324.9917,2439.627,6655116.0,3573333.0,1813.5997,1813.5997,2588.0,1879.7799,329.61768,153,24.2,121.5
1052.0,20.355501,16.4055,18.451332,22.585152,17.800714,20.409107,48797.39,12000.548,19.399998,19.399998,20.0,7.289444,27.0,101.786316,7.93,1.5230236,2024-06-02 16:00:00,2343.443,2460.0361,6703913.5,3585333.5,1832.9998,1832.9998,2608.0,1887.71,331.1407,154,24.2,121.5
1052.0,19.1555,16.5055,17.732584,20.369478,18.19899,19.048903,48827.387,9335.006,14.400001,14.400001,21.0,6.12,25.56,124.34614,6.69,1.4006311,2024-06-03 16:00:00,2361.1758,2479.085,6752741.0,3594668.5,1847.3998,1847.3998,2629.0,1894.3999,332.54132,155,24.2,121.5
1052.0,20.3055,15.7055,18.33883,21.772364,17.07147,20.035028,48855.848,24901.889,4.4,4.4,9.0,7.491114,31.319998,163.36615,12.18,2.2361546,2024-06-04 16:00:00,2379.5146,2499.1199,6801597.0,3619570.5,1851.7998,1851.7998,2638.0,1906.58,334.77747,156,24.2,121.5
1052.0,20.4055,17.7555,19.334667,23.763817,20.10584,22.186075,48882.734,1047.7327,27.9,27.9,24.0,7.653705,23.759998,164.85205,5.97,1.152434,2024-06-05 16:00:00,2398.8494,2521.306,6850479.5,3620618.2,1879.6998,1879.6998,2662.0,1912.5499,335.9299,157,24.2,121.5
1052.0,21.9055,18.105501,19.861748,26.658903,20.673254,23.02033,48908.03,21296.32,86.99999,86.99999,24.0,6.28713,32.760002,30.718847,13.05,2.4139762,2024-06-06 16:00:00,2418.7112,2544.3262,6899387.5,3641914.5,1966.6998,1966.6998,2686.0,1925.6,338.34387,158,24.2,121.5
1052.0,23.355501,18.105501,20.809666,27.538666,20.165266,23.774536,48931.703,35785.914,11.900001,11.900001,14.0,6.297428,25.919998,36.027473,17.31,3.1922154,2024-06-07 16:00:00,2439.5208,2568.1006,6948319.0,3677700.5,1978.5999,1978.5999,2700.0,1942.91,341.5361,159,24.2,121.5
1052.0,23.1555,17.355501,20.674248,26.842047,19.421715,23.64157,48953.73,40839.87,19.699999,19.699999,20.0,4.5820518,24.48,110.55613,16.72,3.152862,2024-06-08 16:00:00,2460.195,2591.7422,6997272.5,3718540.2,1998.2998,1998.2998,2720.0,1959.63,344.68896,160,24.2,121.5
1052.0,24.0555,17.8055,21.476334,28.65792,19.874039,24.658117,48974.09,34470.605,10.700001,10.700001,19.0,4.896529,30.239998,321.21558,16.04,3.1349833,2024-06-09 16:00:00,2481.6714,2616.4004,7046246.5,3753010.8,2008.9998,2008.9998,2739.0,1975.67,347.82394,161,24.2,121.5
1052.0,24.4555,20.7555,22.217997,28.442768,22.86825,25.322687,48992.746,7177.889,2.0,2.0,6.0,5.991594,34.2,272.80402,11.13,2.2418585,2024-06-10 16:00:00,2503.8894,2641.7231,7095239.0,3760188.8,2010.9998,2010.9998,2745.0,1986.8,350.0658,162,24.2,121.5
1052.0,25.7555,21.4555,22.876333,29.725025,23.205173,25.809809,49009.688,23084.818,2.0,2.0,4.0,6.9247384,32.760002,293.82736,14.91,3.061149,2024-06-11 16:00:00,2526.7656,2667.533,7144248.5,3783273.5,2012.9998,2012.9998,2749.0,2001.7101,353.12695,163,24.2,121.5
1052.0,25.7055,20.9555,22.749252,30.13836,23.354023,25.930262,49024.883,29603.55,9.7,9.7,9.0,6.9247384,31.319998,291.72107,16.37,3.2936368,2024-06-12 16:00:00,2549.515,2693.4631,7193273.5,3812877.0,2022.6997,2022.6997,2758.0,2018.0801,356.4206,164,24.2,121.5
1052.0,24.5055,18.4055,21.834665,28.539917,20.241106,25.122711,49038.312,0.0,2.4000003,2.4000003,10.0,5.95906,29.88,276.757,8.06,1.712236,2024-06-13 16:00:00,2571.3496,2718.586,7242312.0,3812877.0,2025.0997,2025.0997,2768.0,2026.1401,358.13284,165,24.2,121.5
1052.0,26.105501,21.0555,23.149252,31.733524,22.86967,26.509031,49049.953,39720.566,1.3000001,1.3000001,4.0,7.8954163,34.2,303.58157,23.44,4.654347,2024-06-14 16:00:00,2594.4988,2745.095,7291362.0,3852597.5,2026.3998,2026.3998,2772.0,2049.58,362.7872,166,24.2,121.5
1052.0,25.2055,20.855501,22.715918,30.255753,22.92693,26.102987,49059.78,25274.99,14.5,14.5,16.0,5.495161,28.08,224.39697,18.06,3.529248,2024-06-15 16:00:00,2617.2146,2771.198,7340422.0,3877872.5,2040.8998,2040.8998,2788.0,2067.6401,366.31644,167,24.2,121.5
1052.0,24.2055,20.6555,22.068,27.994125,23.18852,25.446846,49067.773,7970.2334,4.7000003,4.7000003,12.0,6.162207,28.08,241.85846,9.02,1.8283604,2024-06-16 16:00:00,2639.2827,2796.6448,7389490.0,3885842.8,2045.5997,2045.5997,2800.0,2076.6602,368.1448,168,24.2,121.5
1052.0,25.2555,18.3055,22.2555,29.795948,20.198246,25.643898,49073.91,42536.125,8.400001,8.400001,9.0,6.12,32.399998,69.77509,21.73,4.123638,2024-06-17 16:00:00,2661.5383,2822.2886,7438564.0,3928379.0,2053.9998,2053.9998,2809.0,2098.3901,372.26843,169,24.2,121.5
1052.0,25.105501,20.0055,21.995085,30.210949,22.836266,25.617722,49078.176,26179.812,6.7,6.7,7.0,6.792466,29.88,185.10208,17.31,3.299331,2024-06-18 16:00:00,2683.5334,2847.9062,7487642.0,3954558.8,2060.6997,2060.6997,2816.0,2115.7002,375.56775,170,24.2,121.5
1052.0,24.7555,18.0055,21.899248,28.859463,20.091387,25.363733,49080.543,30255.03,2.4,2.4,6.0,8.12197,29.519999,201.66286,15.37,2.9418848,2024-06-19 16:00:00,2705.4326,2873.27,7536722.5,3984813.8,2063.0996,2063.0996,2822.0,2131.0703,378.50964,171,24.2,121.5
1052.0,25.355501,19.6555,22.563833,29.973057,22.353785,26.486715,49081.0,34034.02,5.1,5.1,8.0,6.989936,29.88,207.46011,18.77,3.556541,2024-06-20 16:00:00,2727.9963,2899.7568,7585803.5,4018847.8,2068.1997,2068.1997,2830.0,2149.8403,382.0662,172,24.2,121.5
1052.0,26.2055,18.5555,22.651335,31.829727,20.840582,26.54914,49079.51,43373.77,3.5,3.5,6.0,9.346143,35.28,214.6293,21.93,4.1058173,2024-06-21 16:00:00,2750.6477,2926.306,7634883.0,4062221.5,2071.6997,2071.6997,2836.0,2171.7703,386.172,173,24.2,121.5
1052.0,26.3055,20.605501,23.088835,32.13028,23.141474,27.07937,49076.098,43099.39,2.1999998,2.1999998,8.0,8.089993,28.44,209.3805,23.32,4.428668,2024-06-22 16:00:00,2773.7366,2953.3853,7683959.0,4105321.0,2073.8997,2073.8997,2844.0,2195.0903,390.60068,174,24.2,121.5
1052.0,26.0555,19.2055,22.64092,31.005295,21.428944,26.324005,49070.773,43557.824,2.3000002,2.3000002,10.0,8.557102,32.039997,196.10133,23.31,4.405193,2024-06-23 16:00:00,2796.3774,2979.7092,7733030.0,4148878.8,2076.1997,2076.1997,2854.0,2218.4004,395.00586,175,24.2,121.5
1052.0,25.4555,19.605501,22.413834,30.122173,22.179943,25.836634,49063.57,43946.363,0.6,0.6,4.0,9.290511,39.239998,175.12079,26.02,4.806268,2024-06-24 16:00:00,2818.7913,3005.546,7782093.5,4192825.0,2076.7998,2076.7998,2858.0,2244.4204,399.81213,176,24.2,121.5
1052.0,24.9555,19.9055,22.336748,29.505314,22.815073,25.835709,49054.516,44090.8,0.5,0.5,4.0,8.587338,36.0,163.53503,24.86,4.5739226,2024-06-25 16:00:00,2841.128,3031.3816,7831148.0,4236916.0,2077.2998,2077.2998,2862.0,2269.2805,404.38605,177,24.2,121.5
1052.0,25.4555,19.7055,22.507586,30.80112,22.185413,25.849258,49043.62,43390.734,0.5,0.5,3.0,8.534353,35.64,185.62115,24.99,4.645911,2024-06-26 16:00:00,2863.6355,3057.231,7880191.5,4280306.5,2077.7998,2077.7998,2865.0,2294.2705,409.03195,178,24.2,121.5
1052.0,24.7555,20.105501,22.18467,28.496872,23.284891,25.667414,49030.92,21453.688,2.2,2.2,6.0,8.854829,30.239998,194.10266,14.11,2.7101376,2024-06-27 16:00:00,2885.82,3082.8984,7929222.5,4301760.0,2079.9998,2079.9998,2871.0,2308.3806,411.7421,179,24.2,121.5
1052.0,25.4055,17.5055,21.953417,29.897701,19.314056,25.392006,49016.445,41017.562,4.4999995,4.4999995,11.0,8.854829,37.8,206.70207,20.48,3.8132892,2024-06-28 16:00:00,2907.7734,3108.2905,7978239.0,4342777.5,2084.4998,2084.4998,2882.0,2328.8606,415.5554,180,24.2,121.5
1052.0,26.2555,19.5055,22.774248,32.431637,21.447336,26.628363,49000.215,39442.043,8.8,8.8,7.0,6.792466,30.239998,251.10477,20.35,3.918211,2024-06-29 16:00:00,2930.5476,3134.919,8027239.0,4382219.5,2093.2998,2093.2998,2889.0,2349.2107,419.4736,181,24.2,121.5
1052.0,26.355501,17.4055,22.620085,32.170708,19.037233,26.478823,48982.258,42457.605,2.9,2.9,7.0,7.9036193,31.68,204.10225,21.65,4.1169195,2024-06-30 16:00:00,2953.1677,3161.3977,8076221.5,4424677.0,2096.1997,2096.1997,2896.0,2370.8606,423.5905,182,24.2,121.5
1052.0,25.9555,19.7555,22.69925,33.006622,22.744114,26.568125,48962.61,42321.12,2.9999998,2.9999998,7.0,9.085988,38.88,182.36404,23.15,4.306014,2024-07-01 16:00:00,2975.867,3187.9658,8125184.0,4466998.0,2099.1997,2099.1997,2903.0,2394.0105,427.8965,183,24.2,121.5
1052.0,25.855501,17.1555,22.345083,30.82637,18.930485,25.84192,48941.293,44681.016,0.0,0.0,0.0,8.287822,34.92,169.41273,26.63,4.9555826,2024-07-02 16:00:00,2998.212,3213.8079,8174125.5,4511679.0,2099.1997,2099.1997,2903.0,2420.6404,432.8521,184,24.2,121.5
1052.0,26.4555,19.5555,23.118002,32.115246,21.7589,26.823927,48918.336,44492.227,0.2,0.2,2.0,8.4963045,36.36,152.58,28.71,5.3990555,2024-07-03 16:00:00,3021.3298,3240.6318,8223044.0,4556171.0,2099.3997,2099.3997,2905.0,2449.3503,438.25116,185,24.2,121.5
1052.0,25.6555,18.3055,22.568,31.59029,19.975264,26.164093,48893.77,44459.617,0.0,0.0,0.0,8.654987,37.44,150.76225,28.53,5.284688,2024-07-04 16:00:00,3043.898,3266.796,8271938.0,4600630.5,2099.3997,2099.3997,2905.0,2477.8804,443.53586,186,24.2,121.5
1052.0,26.0555,19.6555,22.863836,31.51236,21.8057,26.267046,48867.625,44757.4,1.5000001,1.5000001,6.0,8.891343,37.8,171.93495,28.02,5.211094,2024-07-05 16:00:00,3066.7617,3293.063,8320805.5,4645388.0,2100.8997,2100.8997,2911.0,2505.9004,448.74695,187,24.2,121.5
1052.0,25.4055,18.4055,22.345083,30.28307,20.89648,25.694471,48839.926,44235.75,0.8,0.8,1.0,8.913181,38.88,161.47638,27.08,5.0104885,2024-07-06 16:00:00,3089.1067,3318.7576,8369645.5,4689624.0,2101.6997,2101.6997,2912.0,2532.9805,453.75745,188,24.2,121.5
1052.0,25.4055,18.7055,21.742998,29.420052,20.987759,24.69404,48810.715,42282.523,1.0,1.0,5.0,9.422101,36.0,158.56537,24.99,4.5942783,2024-07-07 16:00:00,3110.8496,3343.4517,8418456.0,4731906.5,2102.6997,2102.6997,2917.0,2557.9705,458.3517,189,24.2,121.5
1052.0,24.9055,17.0555,21.520086,29.616554,18.728704,24.67446,48780.008,44121.145,3.5999997,3.5999997,9.0,7.386582,30.599998,156.7005,23.92,4.4392967,2024-07-08 16:00:00,3132.3696,3368.1262,8467236.0,4776027.5,2106.2998,2106.2998,2926.0,2581.8904,462.79102,190,24.2,121.5
1052.0,25.9055,19.605501,22.36592,31.632408,22.062738,25.998442,48747.84,44042.25,2.6000001,2.6000001,7.0,8.217153,33.839996,191.84993,22.9,4.2547398,2024-07-09 16:00:00,3154.7356,3394.1248,8515984.0,4820070.0,2108.9,2108.9,2933.0,2604.7903,467.04575,191,24.2,121.5
1052.0,26.1555,19.4555,22.7055,31.281796,21.853825,26.543665,48714.242,42812.5,9.400001,9.400001,8.0,8.905908,34.2,207.247,22.18,4.186515,2024-07-10 16:00:00,3177.4412,3420.6685,8564698.0,4862882.5,2118.2998,2118.2998,2941.0,2626.9702,471.23227,192,24.2,121.5
1052.0,25.855501,18.7555,22.559668,32.32127,20.998436,26.545105,48678.934,43609.668,6.3,6.3,7.0,6.696387,29.519999,191.61142,23.77,4.5229135,2024-07-11 16:00:00,3200.0007,3447.2136,8613377.0,4906492.0,2124.5999,2124.5999,2948.0,2650.7402,475.7552,193,24.2,121.5
1052.0,25.6555,19.6555,22.528418,31.787151,22.450607,26.538687,48641.81,43722.176,6.5999994,6.5999994,8.0,7.8954163,36.0,160.18613,21.03,3.903029,2024-07-12 16:00:00,3222.529,3473.7522,8662019.0,4950214.0,2131.2,2131.2,2956.0,2671.7703,479.6582,194,24.2,121.5
1052.0,26.2555,18.0055,22.62008,31.264736,20.257729,26.212204,48602.934,44206.824,0.0,0.0,0.0,9.931042,39.6,158.88953,28.68,5.342654,2024-07-13 16:00:00,3245.1492,3499.9644,8710622.0,4994421.0,2131.2,2131.2,2956.0,2700.4502,485.00085,195,24.2,121.5
1052.0,25.1555,20.7055,22.599249,29.608704,23.077644,25.732323,48562.37,43734.33,0.1,0.1,1.0,8.714677,37.8,163.59465,25.38,4.677878,2024-07-14 16:00:00,3267.7485,3525.6968,8759184.0,5038155.5,2131.3,2131.3,2957.0,2725.83,489.67874,196,24.2,121.5
1052.0,25.105501,18.9555,22.30758,29.61927,21.031208,25.356607,48520.184,44014.29,0.3,0.3,2.0,8.669949,38.519997,165.8157,24.37,4.528254,2024-07-15 16:00:00,3290.0562,3551.0535,8807704.0,5082170.0,2131.6,2131.6,2959.0,2750.2002,494.207,197,24.2,121.5
1052.0,26.0055,19.0555,22.74092,30.976944,21.475267,26.310522,48476.43,43919.895,1.1,1.1,3.0,8.404285,34.2,163.36113,25.38,4.7727475,2024-07-16 16:00:00,3312.797,3577.364,8856180.0,5126090.0,2132.7002,2132.7002,2962.0,2775.58,498.97974,198,24.2,121.5
1052.0,28.3,18.4555,23.54975,33.765057,20.523691,27.36579,48431.18,43786.133,0.0,0.0,0.0,9.178235,37.44,162.40749,26.8,5.2486777,2024-07-17 16:00:00,3336.347,3604.7297,8904611.0,5169876.0,2132.7002,2132.7002,2962.0,2802.3801,504.22842,199,24.2,121.5
1052.0,28.45,20.45,24.254168,34.134003,23.551363,28.301086,48384.49,43551.293,0.0,0.0,0.0,9.673221,39.6,157.11934,28.8,5.585498,2024-07-18 16:00:00,3360.601,3633.0308,8952995.0,5213427.5,2132.7002,2132.7002,2962.0,2831.1802,509.81393,200,24.2,121.5
1052.0,28.2,20.4,24.410421,33.583607,22.975723,28.130556,48336.426,43820.613,0.1,0.1,1.0,8.669949,37.8,153.78156,27.75,5.3882565,2024-07-19 16:00:00,3385.0115,3661.1614,9001331.0,5257248.0,2132.8003,2132.8003,2963.0,2858.9302,515.2022,201,24.2,121.5
1052.0,26.7,19.75,23.727081,32.00663,21.825806,27.364021,48287.05,40542.742,2.0,2.0,3.0,9.693296,37.8,136.7357,24.27,4.632368,2024-07-20 16:00:00,3408.7385,3688.5254,9049618.0,5297790.5,2134.8003,2134.8003,2966.0,2883.2002,519.8346,202,24.2,121.5
1052.0,28.1,21.9,24.645838,33.715485,24.98513,28.449324,48236.418,43729.887,0.6,0.6,4.0,9.9571085,39.96,70.49744,27.02,5.291534,2024-07-21 16:00:00,3433.3843,3716.9746,9097854.0,5341520.5,2135.4004,2135.4004,2970.0,2910.2202,525.1261,203,24.2,121.5
1052.0,27.05,21.85,24.312498,32.062565,24.323795,27.63371,48184.594,39600.0,16.3,16.3,15.0,10.594036,48.6,37.002594,21.52,4.2408414,2024-07-22 16:00:00,3457.6968,3744.6084,9146039.0,5381120.5,2151.7004,2151.7004,2985.0,2931.7402,529.36694,204,24.2,121.5
1052.0,24.3,22.0,23.141665,29.106106,24.914131,26.953074,48131.637,0.0,140.19998,140.19998,24.0,9.983106,72.36,354.82367,3.37,0.928231,2024-07-23 16:00:00,3480.8384,3771.5615,9194171.0,5381120.5,2291.9004,2291.9004,3009.0,2935.1104,530.29517,205,24.2,121.5
1052.0,22.75,21.2,21.9,26.639193,24.680677,25.663284,48077.605,0.0,179.6,179.6,24.0,8.825508,65.520004,193.75795,1.56,0.49730578,2024-07-24 16:00:00,3502.7383,3797.2249,9242249.0,5381120.5,2471.5005,2471.5005,3033.0,2936.6704,530.7925,206,24.2,121.5
1052.0,24.3,20.3,21.877083,28.378395,23.37962,25.446596,48022.56,7200.0,27.500004,27.500004,24.0,10.086427,60.839996,191.30988,10.29,1.9279121,2024-07-25 16:00:00,3524.6155,3822.6714,9290272.0,5388320.5,2499.0005,2499.0005,3057.0,2946.9604,532.7204,207,24.2,121.5
1052.0,24.25,20.2,22.35,28.758503,22.895521,25.94536,47966.55,6636.6323,16.6,16.6,17.0,8.427383,57.239998,175.28386,9.83,1.961753,2024-07-26 16:00:00,3546.9656,3848.6167,9338239.0,5394957.0,2515.6006,2515.6006,3074.0,2956.7905,534.6821,208,24.2,121.5
1052.0,27.35,19.6,23.402082,32.033672,21.960524,26.660986,47909.65,43641.223,0.0,0.0,0.0,8.161764,37.079998,165.8932,26.97,5.2485104,2024-07-27 16:00:00,3570.3677,3875.2776,9386149.0,5438598.0,2515.6006,2515.6006,3074.0,2983.7605,539.93066,209,24.2,121.5
1052.0,25.65,21.4,22.893747,29.755909,24.61239,26.246674,47851.9,6000.911,10.500001,10.500001,17.0,5.3999996,21.96,41.803955,9.09,1.9682846,2024-07-28 16:00:00,3593.2615,3901.5242,9434001.0,5444599.0,2526.1006,2526.1006,3091.0,2992.8506,541.8989,210,24.2,121.5
1052.0,27.15,19.8,23.36875,32.42945,22.495289,27.31363,47793.36,40778.215,1.6000001,1.6000001,12.0,7.7879906,33.839996,158.25565,23.76,4.599414,2024-07-29 16:00:00,3616.6301,3928.838,9481794.0,5485377.0,2527.7007,2527.7007,3103.0,3016.6106,546.49835,211,24.2,121.5
1052.0,28.1,21.5,24.072916,33.033146,24.865202,28.31504,47734.074,41798.918,5.6999993,5.6999993,11.0,6.489992,27.72,145.45154,21.18,4.1681657,2024-07-30 16:00:00,3640.7031,3957.1528,9529528.0,5527176.0,2533.4006,2533.4006,3114.0,3037.7905,550.6665,212,24.2,121.5
1052.0,29.0,21.55,24.57083,35.081894,24.49752,28.771109,47673.64,41325.137,8.0,8.0,7.0,6.162207,25.56,345.6353,22.59,4.567157,2024-07-31 16:00:00,3665.274,3985.9238,9577202.0,5568501.0,2541.4006,2541.4006,3121.0,3060.3806,555.23364,213,24.2,121.5
1052.0,30.0,22.85,25.729166,36.66564,26.37763,30.27345,47611.867,41484.367,4.0,4.0,6.0,5.991594,25.919998,62.48809,20.44,4.224134,2024-08-01 16:00:00,3691.0032,4016.1973,9624814.0,5609985.5,2545.4006,2545.4006,3127.0,3080.8206,559.45776,214,24.2,121.5
1052.0,29.05,21.3,25.354166,35.294537,24.25227,29.731943,47548.824,43276.0,0.70000005,0.70000005,5.0,7.5685663,28.8,116.85432,24.23,4.8825183,2024-08-02 16:00:00,3716.3574,4045.9292,9672363.0,5653261.5,2546.1006,2546.1006,3132.0,3105.0505,564.3403,215,24.2,121.5
1052.0,28.65,19.95,24.545835,34.280785,22.094648,28.806574,47484.598,43277.184,1.6,1.6,6.0,7.968939,30.239998,111.27513,24.27,4.78684,2024-08-03 16:00:00,3740.9033,4074.7358,9719848.0,5696538.5,2547.7007,2547.7007,3138.0,3129.3206,569.12714,216,24.2,121.5
1052.0,28.35,19.05,24.252085,34.203896,21.168533,28.558493,47419.242,43278.22,2.5000002,2.5000002,8.0,7.628263,32.399998,102.022316,26.01,5.0573974,2024-08-04 16:00:00,3765.1555,4103.2944,9767267.0,5739816.5,2550.2007,2550.2007,3146.0,3155.3306,574.1845,217,24.2,121.5
1052.0,26.4,19.35,22.910418,31.72969,21.87097,26.74822,47352.836,37935.117,6.5,6.5,9.0,6.9899354,30.599998,77.85569,20.3,3.9288704,2024-08-05 16:00:00,3788.066,4130.0425,9814620.0,5777751.5,2556.7007,2556.7007,3155.0,3175.6306,578.1134,218,24.2,121.5
1052.0,24.605501,19.8055,22.3245,29.958736,23.278278,26.219488,47285.45,27120.672,17.300003,17.300003,14.0,6.3690495,28.44,109.59239,15.77,3.0130692,2024-08-06 16:00:00,3810.3904,4156.262,9861905.0,5804872.0,2574.0007,2574.0007,3169.0,3191.4006,581.12646,219,24.2,121.5
1052.0,24.4055,19.2055,21.96383,29.866806,22.11301,25.548996,47217.145,19483.754,23.0,23.0,11.0,4.2136917,25.199999,189.18875,14.12,2.76697,2024-08-07 16:00:00,3832.3542,4181.811,9909122.0,5824356.0,2597.0007,2597.0007,3180.0,3205.5208,583.89343,220,24.2,121.5
1052.0,24.9055,19.605501,22.093002,29.200043,22.543312,25.838097,47147.99,23423.191,26.099998,26.099998,9.0,5.315336,28.44,179.99995,13.55,2.6534107,2024-08-08 16:00:00,3854.4473,4207.649,9956270.0,5847779.0,2623.1008,2623.1008,3189.0,3219.0708,586.5468,221,24.2,121.5
1052.0,26.7055,19.1555,22.126335,30.7499,22.316355,25.672224,47078.06,35383.754,14.6,14.6,16.0,6.1305785,24.48,192.52869,15.1,2.9441295,2024-08-09 16:00:00,3876.5735,4233.3213,10003348.0,5883163.0,2637.701,2637.701,3205.0,3234.171,589.49097,222,24.2,121.5
1052.0,25.105501,18.2555,21.801332,29.113483,20.673096,25.147894,47007.402,42468.035,4.7,4.7,12.0,7.2,28.08,145.89871,19.54,3.7178817,2024-08-10 16:00:00,3898.3748,4258.469,10050355.0,5925631.0,2642.401,2642.401,3217.0,3253.711,593.20886,223,24.2,121.5
1052.0,25.105501,19.9055,22.492998,29.947495,22.67538,26.249887,46936.09,30995.992,4.2000003,4.2000003,13.0,7.491114,26.64,130.38934,17.79,3.4100075,2024-08-11 16:00:00,3920.8677,4284.719,10097291.0,5956627.0,2646.6008,2646.6008,3230.0,3271.501,596.6189,224,24.2,121.5
1052.0,26.1555,20.9055,22.747168,29.955593,24.091457,26.55144,46864.188,28684.492,13.0,13.0,8.0,6.193674,25.56,114.65585,17.74,3.4117062,2024-08-12 16:00:00,3943.6147,4311.2705,10144155.0,5985311.5,2659.6008,2659.6008,3238.0,3289.241,600.0306,225,24.2,121.5
1052.0,24.7555,20.2055,22.157583,29.291958,23.334944,25.952011,46791.758,26897.695,26.8,26.8,16.0,6.6087217,30.960001,144.40073,14.52,2.754954,2024-08-13 16:00:00,3965.7722,4337.2227,10190947.0,6012209.0,2686.401,2686.401,3254.0,3303.761,602.7855,226,24.2,121.5
1052.0,23.105501,18.5555,21.182583,26.956593,21.420654,24.556261,46718.85,20003.426,25.899998,25.899998,19.0,4.5536795,28.08,139.67426,11.29,2.1871703,2024-08-14 16:00:00,3986.9548,4361.779,10237666.0,6032212.5,2712.3008,2712.3008,3273.0,3315.051,604.9727,227,24.2,121.5
1052.0,22.5555,18.2055,21.0305,26.122604,20.752125,24.436989,46645.535,12701.781,9.2,9.2,20.0,5.4119864,18.359999,73.9845,10.11,1.9653121,2024-08-15 16:00:00,4007.9854,4386.216,10284312.0,6044914.5,2721.5007,2721.5007,3293.0,3325.1611,606.93805,228,24.2,121.5
1052.0,23.3055,19.9055,21.343,27.767403,23.025259,25.241892,46571.867,0.0,46.000004,46.000004,23.0,4.452954,20.519999,255.46556,3.31,0.811385,2024-08-16 16:00:00,4029.3284,4411.4575,10330884.0,6044914.5,2767.5007,2767.5007,3316.0,3328.4712,607.74945,229,24.2,121.5
1052.0,24.9055,18.9555,21.44925,29.438648,21.342182,25.000902,46497.9,25050.97,41.800003,41.800003,20.0,5.0911684,24.48,220.29208,14.04,2.760011,2024-08-17 16:00:00,4050.7776,4436.4585,10377382.0,6069965.5,2809.3008,2809.3008,3336.0,3342.5112,610.50946,230,24.2,121.5
1052.0,22.9055,19.0555,20.926334,27.012045,21.499256,24.287127,46423.7,5295.4795,16.2,16.2,21.0,7.42159,20.519999,202.12198,7.77,1.5199138,2024-08-18 16:00:00,4071.7039,4460.7456,10423806.0,6075261.0,2825.5007,2825.5007,3357.0,3350.2812,612.02936,231,24.2,121.5
1052.0,25.2055,19.9555,22.251335,29.394081,22.653757,25.864408,46349.305,34907.125,7.5,7.5,12.0,6.2145634,28.08,245.65892,12.98,2.556364,2024-08-19 16:00:00,4093.955,4486.61,10470155.0,6110168.0,2833.0007,2833.0007,3369.0,3363.2612,614.5857,232,24.2,121.5
1052.0,25.9555,17.2555,21.98675,31.577045,18.677868,25.685663,46274.26,41951.07,7.5999994,7.5999994,9.0,6.725354,29.519999,251.27408,19.86,3.784751,2024-08-20 16:00:00,4115.942,4512.2954,10516429.0,6152119.0,2840.6008,2840.6008,3378.0,3383.1213,618.3704,233,24.2,121.5
1052.0,25.2055,19.7555,22.668001,30.620422,22.719542,26.136728,46198.363,41928.76,5.3,5.3,9.0,6.193674,25.919998,13.495693,22.48,4.2551603,2024-08-21 16:00:00,4138.61,4538.432,10562627.0,6194048.0,2845.901,2845.901,3387.0,3405.6013,622.6256,234,24.2,121.5
1052.0,27.0055,20.6555,22.359667,30.814926,23.368261,26.05075,46121.67,37661.875,10.500001,10.500001,11.0,5.5887027,24.119999,153.4356,19.84,3.7549589,2024-08-22 16:00:00,4160.9697,4564.483,10608749.0,6231710.0,2856.401,2856.401,3398.0,3425.4414,626.38055,235,24.2,121.5
1052.0,25.0555,19.0055,22.068,30.141533,21.17452,25.50611,46044.25,41616.832,1.7,1.7,7.0,7.289445,28.08,106.69935,21.32,3.973985,2024-08-23 16:00:00,4183.0376,4589.9893,10654793.0,6273327.0,2858.1008,2858.1008,3405.0,3446.7615,630.35455,236,24.2,121.5
1052.0,23.855501,18.4555,21.19092,28.186604,20.37321,24.306395,45966.16,41927.89,9.9,9.9,6.0,6.162207,29.519999,84.80553,18.66,3.4734056,2024-08-24 16:00:00,4204.2285,4614.2954,10700759.0,6315255.0,2868.0007,2868.0007,3411.0,3465.4214,633.82794,237,24.2,121.5
1052.0,24.5055,18.6555,21.555502,29.439915,21.271294,24.911722,45887.46,42914.355,3.2,3.2,7.0,6.725354,28.8,110.725746,21.95,4.048198,2024-08-25 16:00:00,4225.784,4639.207,10746646.0,6358169.5,2871.2007,2871.2007,3418.0,3487.3713,637.87616,238,24.2,121.5
1052.0,25.1555,20.5555,22.645082,30.298534,23.04477,26.19327,45808.215,42858.48,3.7,3.7,9.0,5.315336,25.919998,253.61023,21.68,4.1425114,2024-08-26 16:00:00,4248.429,4665.4004,10792454.0,6401028.0,2874.9006,2874.9006,3427.0,3509.0513,642.0187,239,24.2,121.5
1052.0,25.355501,19.9055,22.90758,30.21423,22.583525,26.640467,45728.48,41468.543,2.9,2.9,11.0,6.297428,25.199999,124.93938,19.35,3.7151463,2024-08-27 16:00:00,4271.337,4692.041,10838182.0,6442496.5,2877.8005,2877.8005,3438.0,3528.4014,645.7338,240,24.2,121.5
1052.0,25.355501,19.855501,22.6055,29.718697,22.904615,26.457968,45648.312,41469.49,1.5000002,1.5000002,10.0,8.587338,32.039997,118.330315,20.2,3.756262,2024-08-28 16:00:00,4293.9424,4718.499,10883830.0,6483966.0,2879.3005,2879.3005,3448.0,3548.6013,649.4901,241,24.2,121.5
1052.0,25.5555,20.2055,22.513832,30.774014,23.040236,25.871696,45567.773,41766.848,0.1,0.1,1.0,7.491114,33.839996,129.98686,24.09,4.536542,2024-08-29 16:00:00,4316.456,4744.3706,10929398.0,6525733.0,2879.4006,2879.4006,3449.0,3572.6914,654.0267,242,24.2,121.5
1052.0,25.1555,19.4055,22.538836,30.204235,21.893467,26.13989,45486.918,40881.53,1.6,1.6,5.0,7.24486,30.960001,139.39873,19.81,3.7358487,2024-08-30 16:00:00,4338.995,4770.5103,10974885.0,6566614.5,2881.0007,2881.0007,3454.0,3592.5015,657.7625,243,24.2,121.5
1052.0,24.8055,19.3055,22.572166,29.547993,21.767727,26.174376,45405.797,42569.9,2.0,2.0,6.0,7.0911775,32.039997,103.39246,23.68,4.40111,2024-08-31 16:00:00,4361.5674,4796.6846,11020291.0,6609184.5,2883.0007,2883.0007,3460.0,3616.1814,662.16364,244,24.2,121.5
1052.0,25.3055,19.3055,22.274252,30.163773,22.006899,25.498022,45324.473,42510.85,0.5,0.5,3.0,9.021574,37.8,118.97956,24.21,4.4791565,2024-09-01 16:00:00,4383.842,4822.1826,11065615.0,6651695.5,2883.5007,2883.5007,3463.0,3640.3914,666.6428,245,24.2,121.5
1052.0,24.9555,17.7555,21.715914,29.61465,19.438133,24.673346,45242.99,41181.09,0.1,0.1,1.0,8.587338,32.760002,134.67267,22.14,4.1051497,2024-09-02 16:00:00,4405.5576,4846.856,11110858.0,6692876.5,2883.6008,2883.6008,3464.0,3662.5312,670.748,246,24.2,121.5
1052.0,24.5555,20.4055,22.30758,28.976364,22.965778,25.664246,45161.41,41890.86,0.5,0.5,4.0,8.209263,34.92,153.57243,21.11,3.911912,2024-09-03 16:00:00,4427.865,4872.52,11156019.0,6734767.5,2884.1008,2884.1008,3468.0,3683.6414,674.6599,247,24.2,121.5
1052.0,24.9555,19.6555,21.98675,29.384735,22.014128,25.15055,45079.78,39739.914,1.3000001,1.3000001,9.0,8.404285,33.839996,161.46022,19.62,3.6621401,2024-09-04 16:00:00,4449.852,4897.6704,11201099.0,6774507.5,2885.401,2885.401,3477.0,3703.2615,678.3221,248,24.2,121.5
1052.0,24.0555,19.3055,21.763834,27.945847,22.16287,25.081377,44998.16,39170.24,2.6,2.6,8.0,8.161764,36.36,159.65211,19.57,3.5535946,2024-09-05 16:00:00,4471.6157,4922.752,11246097.0,6813677.5,2888.001,2888.001,3485.0,3722.8315,681.8757,249,24.2,121.5
1052.0,23.855501,18.5555,21.357582,27.794998,21.221706,24.679361,44916.594,33355.684,9.7,9.7,8.0,8.39657,30.239998,124.50856,16.52,3.026511,2024-09-06 16:00:00,4492.973,4947.431,11291014.0,6847033.0,2897.701,2897.701,3493.0,3739.3516,684.90216,250,24.2,121.5
1052.0,22.855501,19.855501,21.17425,27.173355,22.825794,24.436775,44835.14,19204.094,9.800001,9.800001,13.0,5.5887027,26.28,67.28557,12.89,2.4342358,2024-09-07 16:00:00,4514.1475,4971.868,11335849.0,6866237.0,2907.501,2907.501,3506.0,3752.2415,687.3364,251,24.2,121.5
1052.0,23.6555,18.5055,21.345083,27.657248,20.427807,24.174461,44753.836,42093.76,0.90000004,0.90000004,4.0,9.726665,35.64,59.447674,21.17,3.8348422,2024-09-08 16:00:00,4535.4927,4996.0425,11380603.0,6908331.0,2908.401,2908.401,3510.0,3773.4114,691.17126,252,24.2,121.5
1052.0,25.355501,18.0055,21.732584,29.4282,19.827793,24.743917,44672.215,41959.32,14.9,14.9,8.0,6.4096174,28.44,193.85144,21.2,3.990091,2024-09-09 16:00:00,4557.225,5020.7866,11425275.0,6950290.5,2923.3008,2923.3008,3518.0,3794.6113,695.1614,253,24.2,121.5
1052.0,24.9055,19.9055,21.976334,29.20454,23.038095,25.461576,44590.062,37256.594,3.9,3.9,12.0,7.42159,29.88,165.59993,15.44,2.8770695,2024-09-10 16:00:00,4579.2017,5046.248,11469865.0,6987547.0,2927.2007,2927.2007,3530.0,3810.0513,698.03845,254,24.2,121.5
1052.0,23.5055,18.4555,21.245085,27.284496,20.866472,24.254198,44507.434,32337.096,0.8,0.8,4.0,6.2145634,32.760002,69.702354,13.87,2.597125,2024-09-11 16:00:00,4600.447,5070.5024,11514372.0,7019884.0,2928.0007,2928.0007,3534.0,3823.9214,700.63556,255,24.2,121.5
1052.0,24.3055,17.4055,21.059668,27.960018,18.826567,23.533152,44424.387,41777.25,0.6,0.6,4.0,8.350138,35.64,68.399376,23.11,4.2317367,2024-09-12 16:00:00,4621.5063,5094.0356,11558796.0,7061661.0,2928.6008,2928.6008,3538.0,3847.0315,704.8673,256,24.2,121.5
1052.0,23.855501,18.1555,20.917997,27.304052,19.810362,23.470007,44340.97,41566.035,2.2,2.2,10.0,6.297428,27.359999,107.25517,21.08,3.894579,2024-09-13 16:00:00,4642.4243,5117.506,11603137.0,7103227.0,2930.8008,2930.8008,3548.0,3868.1116,708.7619,257,24.2,121.5
1052.0,24.7055,18.4555,21.609667,29.870304,20.430498,24.748901,44257.24,41282.918,0.0,0.0,0.0,7.491114,31.68,133.26431,23.54,4.29921,2024-09-14 16:00:00,4664.034,5142.255,11647394.0,7144510.0,2930.8008,2930.8008,3548.0,3891.6516,713.0611,258,24.2,121.5
1052.0,24.7555,18.7055,22.180502,28.419655,20.909424,24.758394,44173.25,35869.758,0.4,0.4,4.0,7.9932976,31.68,69.0754,16.95,3.2860384,2024-09-15 16:00:00,4686.215,5167.013,11691567.0,7180380.0,2931.2007,2931.2007,3552.0,3908.6016,716.3471,259,24.2,121.5
1052.0,25.7055,19.105501,22.153418,28.719452,21.001131,24.677973,44089.055,41444.824,0.8000001,0.8000001,5.0,8.089993,36.36,83.65993,24.57,4.619778,2024-09-16 16:00:00,4708.368,5191.691,11735656.0,7221825.0,2932.0007,2932.0007,3557.0,3933.1716,720.96686,260,24.2,121.5
1052.0,24.7055,17.9555,21.482584,28.506737,19.474905,24.246147,44004.707,40945.277,0.70000005,0.70000005,5.0,8.287822,33.12,50.55608,20.48,3.8018956,2024-09-17 16:00:00,4729.8506,5215.937,11779661.0,7262770.5,2932.7007,2932.7007,3562.0,3953.6516,724.76874,261,24.2,121.5
1052.0,24.5555,20.355501,22.211752,28.836308,23.053465,25.733604,43920.258,39410.266,3.5000002,3.5000002,8.0,7.344794,28.08,175.74313,18.8,3.4868202,2024-09-18 16:00:00,4752.0625,5241.6704,11823581.0,7302181.0,2936.2007,2936.2007,3570.0,3972.4517,728.25555,262,24.2,121.5
1052.0,24.855501,18.9055,22.043,29.386055,21.377005,25.362825,43835.758,39968.305,0.5,0.5,3.0,8.654987,37.44,158.42863,21.34,3.9477158,2024-09-19 16:00:00,4774.1055,5267.033,11867417.0,7342149.5,2936.7007,2936.7007,3573.0,3993.7917,732.20325,263,24.2,121.5
1052.0,23.0055,20.5555,21.849249,26.51937,24.000772,25.208641,43751.26,18331.865,3.3,3.3,6.0,6.7469993,23.4,184.23633,9.17,1.7974986,2024-09-20 16:00:00,4795.9546,5292.2417,11911168.0,7360481.5,2940.0007,2940.0007,3579.0,4002.9617,734.00073,264,24.2,121.5
1052.0,23.4055,20.5555,21.451334,27.452635,23.319145,25.032385,43666.824,1061.8926,43.0,43.0,20.0,6.9527545,30.960001,199.21985,7.19,1.459763,2024-09-21 16:00:00,4817.406,5317.274,11954835.0,7361543.5,2983.0007,2983.0007,3599.0,4010.1516,735.4605,265,24.2,121.5
1052.0,24.0555,18.7055,20.851332,27.77478,21.31062,24.262365,43582.484,21529.51,27.199999,27.199999,24.0,6.3690495,23.4,183.67815,9.73,1.8571597,2024-09-22 16:00:00,4838.2573,5341.536,11998417.0,7383073.0,3010.2007,3010.2007,3623.0,4019.8816,737.3177,266,24.2,121.5
1052.0,23.8055,18.2555,20.915916,27.248264,20.74601,24.000061,43498.312,30618.893,15.499999,15.499999,19.0,5.1544156,23.759998,1.8779243,13.47,2.585288,2024-09-23 16:00:00,4859.1733,5365.536,12041915.0,7413692.0,3025.7007,3025.7007,3642.0,4033.3516,739.90295,267,24.2,121.5
1052.0,23.4055,17.9055,20.520084,27.236576,20.128658,23.738754,43414.35,21557.572,5.2999997,5.2999997,13.0,4.323748,17.64,43.099876,9.95,1.8809114,2024-09-24 16:00:00,4879.6934,5389.275,12085329.0,7435249.5,3031.0007,3031.0007,3655.0,4043.3015,741.7839,268,24.2,121.5
1052.0,23.3055,18.7555,21.045084,26.791363,21.581022,24.172369,43330.645,30410.363,18.0,18.0,18.0,5.6835546,27.0,106.55715,12.41,2.3625093,2024-09-25 16:00:00,4900.7383,5413.4473,12128660.0,7465660.0,3049.0007,3049.0007,3673.0,4055.7114,744.14636,269,24.2,121.5
1052.0,23.4055,17.105501,20.082582,28.314095,18.781311,23.01372,43247.258,22839.209,19.8,19.8,19.0,5.2200003,25.56,66.57989,12.75,2.4041169,2024-09-26 16:00:00,4920.821,5436.461,12171907.0,7488499.0,3068.8008,3068.8008,3692.0,4068.4614,746.5505,270,24.2,121.5
1052.0,22.9555,19.0055,20.730501,26.260338,21.794039,23.14369,43164.24,39123.14,2.1,2.1,11.0,9.847496,41.039997,36.64387,16.46,2.937542,2024-09-27 16:00:00,4941.5513,5459.6045,12215071.0,7527622.0,3070.901,3070.901,3703.0,4084.9214,749.48804,271,24.2,121.5
1052.0,22.6555,16.9555,19.663834,25.903477,18.505299,22.143272,43081.625,22156.342,13.800001,13.800001,17.0,10.658068,39.6,45.650978,10.52,1.9994248,2024-09-28 16:00:00,4961.2153,5481.7476,12258153.0,7549778.5,3084.701,3084.701,3720.0,4095.4414,751.4875,272,24.2,121.5
1052.0,21.105501,16.9055,19.234665,24.953157,18.51778,22.049408,42998.934,0.0,31.6,31.6,24.0,5.6233797,46.44,328.46747,4.02,0.8687159,2024-09-29 16:00:00,4980.45,5503.797,12301152.0,7549778.5,3116.301,3116.301,3744.0,4099.4614,752.3562,273,24.2,121.5
1052.0,21.9055,17.5555,19.886751,24.487335,19.463272,22.127817,42915.926,26103.594,7.5000005,7.5000005,21.0,6.299999,53.28,192.81104,10.51,2.0297544,2024-09-30 16:00:00,5000.337,5525.925,12344068.0,7575882.0,3123.801,3123.801,3765.0,4109.971,754.3859,274,24.2,121.5
1052.0,21.9055,17.4555,19.430498,23.273115,19.371754,21.306156,42832.656,14400.0,37.899998,37.899998,22.0,7.754637,68.03999,191.255,10.02,1.9989434,2024-10-01 16:00:00,5019.7676,5547.231,12386901.0,7590282.0,3161.701,3161.701,3787.0,4119.991,756.3849,275,24.2,121.5
1052.0,20.3055,17.4555,18.647165,23.041128,19.230227,21.111588,42749.19,0.0,97.6,97.6,24.0,10.285232,66.96,99.13035,2.4,0.5826716,2024-10-02 16:00:00,5038.4146,5568.343,12429650.0,7590282.0,3259.301,3259.301,3811.0,4122.391,756.9675,276,24.2,121.5
1052.0,20.0555,17.5055,18.68675,23.078587,19.665384,21.366617,42665.582,0.0,42.4,42.4,21.0,4.978554,50.399998,201.68471,4.08,0.88364255,2024-10-03 16:00:00,5057.101,5589.7095,12472316.0,7590282.0,3301.701,3301.701,3832.0,4126.471,757.8512,277,24.2,121.5
1052.0,23.7555,15.7055,19.670084,27.680225,17.234316,22.43508,42581.887,37462.56,1.1,1.1,5.0,7.10031,33.12,137.57558,15.44,2.8502073,2024-10-04 16:00:00,5076.771,5612.1445,12514898.0,7627744.5,3302.801,3302.801,3837.0,4141.911,760.7014,278,24.2,121.5
1052.0,23.2555,17.0055,20.632584,27.10353,18.510332,23.427689,42498.168,37377.1,0.8,0.8,5.0,7.5019197,28.08,119.91029,17.78,3.1938665,2024-10-05 16:00:00,5097.404,5635.5723,12557396.0,7665121.5,3303.601,3303.601,3842.0,4159.691,763.89526,279,24.2,121.5
1052.0,22.4055,18.3055,20.420088,25.203289,20.804184,23.074263,42414.484,35189.0,1.6,1.6,8.0,7.0911775,28.08,89.343994,16.29,2.9082327,2024-10-06 16:00:00,5117.8237,5658.6465,12599810.0,7700310.5,3305.2012,3305.2012,3850.0,4175.981,766.80347,280,24.2,121.5
1052.0,21.8055,17.6555,18.859663,25.001434,19.308807,21.119614,42330.89,29964.27,15.899999,15.899999,14.0,7.8149853,29.16,42.950703,15.8,2.7430832,2024-10-07 16:00:00,5136.6836,5679.766,12642141.0,7730275.0,3321.101,3321.101,3864.0,4191.781,769.5466,281,24.2,121.5
1052.0,19.5055,15.9555,17.734667,21.385979,17.664186,19.785046,42247.45,18012.701,21.1,21.1,24.0,7.689603,28.8,92.32332,9.08,1.6103588,2024-10-08 16:00:00,5154.4185,5699.5513,12684388.0,7748287.5,3342.2012,3342.2012,3888.0,4200.861,771.1569,282,24.2,121.5
1052.0,20.2555,16.0055,17.632582,22.193636,17.665554,19.22943,42164.21,31726.184,10.900002,10.900002,23.0,7.486788,34.56,101.442604,11.94,2.086656,2024-10-09 16:00:00,5172.0513,5718.781,12726552.0,7780013.5,3353.101,3353.101,3911.0,4212.801,773.2436,283,24.2,121.5
1052.0,18.6555,16.3055,17.30758,19.875248,17.919573,18.711061,42081.25,8263.896,4.6000004,4.6000004,16.0,6.7205353,26.64,103.51536,6.93,1.3408761,2024-10-10 16:00:00,5189.359,5737.4917,12768633.0,7788277.5,3357.7012,3357.7012,3927.0,4219.731,774.5845,284,24.2,121.5
1052.0,20.4055,15.6555,18.353418,22.354374,16.834167,20.141855,41998.617,27654.014,5.8,5.8,10.0,8.373386,32.760002,114.882614,12.42,2.1975565,2024-10-11 16:00:00,5207.7124,5757.634,12810632.0,7815931.5,3363.5012,3363.5012,3937.0,4232.151,776.78204,285,24.2,121.5
1052.0,22.355501,17.3055,19.382584,24.761425,19.437176,21.718256,41916.383,25359.355,0.2,0.2,2.0,6.502461,25.199999,136.47505,10.34,1.9459364,2024-10-12 16:00:00,5227.095,5779.352,12852548.0,7841291.0,3363.7012,3363.7012,3939.0,4242.4907,778.72797,286,24.2,121.5
1052.0,22.6555,15.9555,19.847166,25.455452,17.179087,22.04653,41834.594,38816.656,0.0,0.0,0.0,7.1321807,30.599998,138.06978,18.17,3.2651048,2024-10-13 16:00:00,5246.9424,5801.3984,12894383.0,7880107.5,3363.7012,3363.7012,3939.0,4260.6606,781.99304,287,24.2,121.5
1052.0,23.105501,17.7555,19.893,26.664804,20.004904,22.444513,41753.332,32861.543,3.1,3.1,4.0,6.391901,28.44,96.65009,17.13,3.0792193,2024-10-14 16:00:00,5266.8354,5823.843,12936136.0,7912969.0,3366.8013,3366.8013,3943.0,4277.7905,785.07227,288,24.2,121.5
1052.0,23.0055,17.355501,20.095083,26.557558,19.575928,22.806215,41672.645,36145.74,0.2,0.2,2.0,6.6624317,29.88,81.68395,18.16,3.2810628,2024-10-15 16:00:00,5286.9307,5846.649,12977809.0,7949114.5,3367.0012,3367.0012,3945.0,4295.9507,788.35333,289,24.2,121.5
1052.0,23.2055,18.355501,20.757584,26.601734,20.148592,23.519814,41592.61,38729.168,1.0,1.0,6.0,7.0407386,28.08,129.05312,17.31,3.118004,2024-10-16 16:00:00,5307.6885,5870.169,13019402.0,7987843.5,3368.0012,3368.0012,3951.0,4313.2607,791.4713,290,24.2,121.5
1052.0,24.0555,17.9055,20.768,28.213097,19.883709,23.625008,41513.28,36232.83,0.0,0.0,0.0,7.282774,30.239998,149.9755,19.89,3.574511,2024-10-17 16:00:00,5328.4565,5893.794,13060915.0,8024076.5,3368.0012,3368.0012,3951.0,4333.151,795.04584,291,24.2,121.5
1052.0,24.1555,16.9555,20.609667,27.931393,18.683556,23.051125,41434.72,38667.992,2.6999998,2.6999998,10.0,7.10031,31.319998,86.224655,19.34,3.4932559,2024-10-18 16:00:00,5349.0664,5916.845,13102350.0,8062744.5,3370.7012,3370.7012,3961.0,4352.4907,798.5391,292,24.2,121.5
1052.0,21.355501,17.9055,19.182583,23.508692,20.266193,21.582651,41356.387,27804.357,6.8999996,6.8999996,20.0,8.4042845,32.039997,55.52172,11.51,2.0098553,2024-10-19 16:00:00,5368.249,5938.4277,13143706.0,8090549.0,3377.601,3377.601,3981.0,4364.0005,800.54895,293,24.2,121.5
1052.0,22.2555,16.5555,19.403418,25.334335,18.606167,21.831148,41278.02,34797.273,2.3999999,2.3999999,15.0,9.499157,36.719997,88.870384,15.41,2.6986408,2024-10-20 16:00:00,5387.6523,5960.259,13184984.0,8125346.5,3380.001,3380.001,3996.0,4379.4106,803.2476,294,24.2,121.5
1052.0,23.2555,15.6555,19.257584,26.96165,16.602507,21.27136,41199.69,38494.844,0.0,0.0,0.0,8.297589,34.56,35.200214,19.1,3.3295872,2024-10-21 16:00:00,5406.91,5981.5303,13226184.0,8163841.5,3380.001,3380.001,3996.0,4398.5107,806.5772,295,24.2,121.5
1052.0,19.0555,16.355501,18.093,20.27401,17.342945,19.212355,41121.47,7295.869,2.1000001,2.1000001,12.0,8.891344,39.96,13.122492,7.12,1.3315552,2024-10-22 16:00:00,5425.003,6000.7427,13267305.0,8171137.5,3382.101,3382.101,4008.0,4405.631,807.90875,296,24.2,121.5
1052.0,18.2555,16.5555,17.497168,20.595232,17.701115,19.243391,41043.414,3421.1328,27.600002,27.600002,24.0,7.2044983,54.36,352.8252,4.68,0.88063926,2024-10-23 16:00:00,5442.5,6019.986,13308348.0,8174558.5,3409.7012,3409.7012,4032.0,4410.311,808.78937,297,24.2,121.5
1052.0,22.3055,18.2555,19.863832,26.122004,20.79443,22.983404,40965.605,8459.328,24.5,24.5,24.0,4.1556225,37.44,261.04193,6.69,1.3626583,2024-10-24 16:00:00,5462.364,6042.969,13349314.0,8183018.0,3434.2012,3434.2012,4056.0,4417.001,810.15204,298,24.2,121.5
1052.0,20.7055,19.105501,19.98675,24.324158,22.332926,23.372301,40888.105,1839.3931,31.200005,31.200005,18.0,4.8433046,28.08,176.0684,3.8,0.78206486,2024-10-25 16:00:00,5482.3506,6066.3413,13390202.0,8184857.5,3465.4011,3465.4011,4074.0,4420.801,810.9341,299,24.2,121.5
1052.0,22.6555,18.3055,19.895082,25.733969,20.762037,22.779732,40810.996,24859.92,11.599999,11.599999,19.0,5.1481256,22.68,108.80675,10.02,1.8816564,2024-10-26 16:00:00,5502.2456,6089.121,13431013.0,8209717.5,3477.0012,3477.0012,4093.0,4430.821,812.81573,300,24.2,121.5
1052.0,21.5055,17.5055,19.132582,23.775543,19.473259,21.158129,40734.344,35846.426,0.8,0.8,5.0,6.889557,30.239998,43.030113,15.34,2.6645317,2024-10-27 16:00:00,5521.3784,6110.2793,13471747.0,8245564.0,3477.8013,3477.8013,4098.0,4446.1606,815.4803,301,24.2,121.5
1052.0,21.0555,17.4055,18.620087,23.273535,18.254822,19.88397,40658.22,37364.957,0.1,0.1,1.0,8.78872,34.56,29.038921,16.25,2.7480655,2024-10-28 16:00:00,5539.9985,6130.163,13512405.0,8282929.0,3477.9014,3477.9014,4099.0,4462.4106,818.22833,302,24.2,121.5
1052.0,20.1555,16.5555,18.67425,22.546885,17.73811,20.243193,40582.707,3761.1125,24.0,24.0,21.0,8.019601,86.03999,6.2953215,6.18,1.2181088,2024-10-29 16:00:00,5558.673,6150.4062,13552988.0,8286690.0,3501.9014,3501.9014,4120.0,4468.591,819.4464,303,24.2,121.5
1052.0,20.0555,18.855501,19.48675,22.034283,18.231762,20.05654,40507.875,0.0,391.0,391.0,24.0,31.363934,200.52,81.76929,0.36,0.18434185,2024-10-30 16:00:00,5578.1597,6170.463,13593496.0,8286690.0,3892.9014,3892.9014,4144.0,4468.9507,819.63074,304,24.2,121.5
1052.0,23.5555,16.5555,20.457584,26.417475,17.876907,22.88144,40433.805,18781.078,31.4,31.4,10.0,10.474082,73.439995,235.82292,8.86,1.7632353,2024-10-31 16:00:00,5598.617,6193.344,13633930.0,8305471.0,3924.3013,3924.3013,4154.0,4477.8105,821.394,305,24.2,121.5
1052.0,19.4555,14.9055,17.503416,21.41438,16.183798,19.282942,40360.58,13591.451,8.200001,8.200001,18.0,6.7469993,23.039999,98.31755,6.03,1.121827,2024-11-01 16:00:00,5616.1206,6212.627,13674291.0,8319062.5,3932.5012,3932.5012,4172.0,4483.8403,822.5158,306,24.2,121.5
1052.0,19.5555,16.4555,18.051334,21.329853,18.216925,20.011824,40288.266,21325.996,3.3000002,3.3000002,11.0,8.4042845,30.239998,95.72544,10.07,1.7318285,2024-11-02 16:00:00,5634.172,6232.6387,13714579.0,8340388.5,3935.8013,3935.8013,4183.0,4493.91,824.2476,307,24.2,121.5
1052.0,20.1555,16.605501,18.026333,21.80946,18.041485,19.699728,40216.95,30170.28,7.6999993,7.6999993,18.0,9.0,32.760002,87.97471,11.68,1.9864583,2024-11-03 16:00:00,5652.198,6252.3384,13754796.0,8370559.0,3943.5012,3943.5012,4201.0,4505.5903,826.2341,308,24.2,121.5
1052.0,19.8055,15.005501,17.06175,21.532715,15.512608,18.246784,40146.723,34048.34,3.2999997,3.2999997,11.0,8.849339,34.56,57.247383,15.0,2.476349,2024-11-04 16:00:00,5669.26,6270.585,13794943.0,8404607.0,3946.8013,3946.8013,4212.0,4520.5903,828.71045,309,24.2,121.5
1052.0,16.5055,12.9055,14.59925,17.196634,12.079382,14.343754,40077.66,34617.47,0.0,0.0,0.0,9.446141,40.32,42.127953,14.27,2.1744738,2024-11-05 16:00:00,5683.859,6284.9287,13835021.0,8439224.0,3946.8013,3946.8013,4212.0,4534.8604,830.88495,310,24.2,121.5
1052.0,16.8055,12.705501,14.749249,17.07602,11.6647835,14.517215,40009.848,25497.006,4.7,4.7,8.0,7.4346757,31.319998,21.67356,11.75,1.9412575,2024-11-06 16:00:00,5698.608,6299.446,13875031.0,8464721.0,3951.5012,3951.5012,4220.0,4546.6104,832.82623,311,24.2,121.5
1052.0,20.2055,14.6055,17.263832,22.250914,15.548271,18.914934,39943.355,19403.096,2.4999995,2.4999995,6.0,4.942631,23.039999,334.39777,8.11,1.4971993,2024-11-07 16:00:00,5715.8716,6318.361,13914974.0,8484124.0,3954.0012,3954.0012,4226.0,4554.72,834.3234,312,24.2,121.5
1052.0,21.605501,16.605501,18.907581,24.912674,17.63986,21.20394,39877.652,29009.084,2.1999998,2.1999998,7.0,6.9899354,28.44,72.979355,14.36,2.4812305,2024-11-08 16:00:00,5734.7793,6339.565,13954852.0,8513133.0,3956.2012,3956.2012,4233.0,4569.08,836.8046,313,24.2,121.5
1052.0,21.2055,14.8055,18.48675,23.546568,15.619789,20.71625,39812.457,35108.918,2.8999996,2.8999996,12.0,6.77575,28.44,105.8804,14.39,2.4290009,2024-11-09 16:00:00,5753.266,6360.2812,13994664.0,8548242.0,3959.101,3959.101,4245.0,4583.47,839.23364,314,24.2,121.5
1052.0,20.9555,17.0055,18.734667,23.283466,18.849579,20.865452,39747.85,33029.023,1.5000002,1.5000002,11.0,7.8625183,30.239998,83.78087,14.88,2.5215805,2024-11-10 16:00:00,5772.001,6381.1465,14034412.0,8581271.0,3960.601,3960.601,4256.0,4598.35,841.75525,315,24.2,121.5
1052.0,20.3055,17.105501,18.488832,22.948626,19.2681,20.905567,39683.906,4469.8076,13.3,13.3,24.0,3.8773184,20.519999,55.922737,6.5,1.2755988,2024-11-11 16:00:00,5790.4897,6402.0522,14074096.0,8585741.0,3973.9011,3973.9011,4280.0,4604.85,843.0308,316,24.2,121.5
1052.0,20.8055,17.5055,18.765919,23.727768,19.81996,21.547865,39620.688,4561.8706,60.899998,60.899998,19.0,3.0758414,27.72,168.91362,4.35,0.8912143,2024-11-12 16:00:00,5809.256,6423.6,14113717.0,8590303.0,4034.801,4034.801,4299.0,4609.2,843.92206,317,24.2,121.5
1052.0,22.4555,14.505501,18.972168,25.291641,15.314196,21.184107,39558.285,29888.795,2.9,2.9,6.0,7.001514,30.960001,208.6542,13.64,2.4009395,2024-11-13 16:00:00,5828.228,6444.784,14153275.0,8620192.0,4037.701,4037.701,4305.0,4622.8403,846.323,318,24.2,121.5
1052.0,20.7055,18.4055,19.37008,22.944004,20.408875,21.290934,39496.77,9785.157,3.6000004,3.6000004,14.0,5.3999996,29.88,220.8108,6.11,1.1997678,2024-11-14 16:00:00,5847.598,6466.075,14192772.0,8629977.0,4041.301,4041.301,4319.0,4628.95,847.52277,319,24.2,121.5
1052.0,20.5055,17.2555,18.559666,23.469938,19.052147,21.066511,39436.215,7594.6445,39.099995,39.099995,23.0,4.863332,48.6,94.99369,2.58,0.56230545,2024-11-15 16:00:00,5866.1577,6487.1416,14232208.0,8637572.0,4080.4011,4080.4011,4342.0,4631.5303,848.0851,320,24.2,121.5
1052.0,20.605501,14.955501,17.87425,23.163422,16.298685,19.73826,39376.703,31427.752,4.9,4.9,14.0,6.452441,24.84,50.33743,11.38,1.9321221,2024-11-16 16:00:00,5884.0317,6506.88,14271585.0,8669000.0,4085.301,4085.301,4356.0,4642.91,850.0172,321,24.2,121.5
1052.0,16.5055,13.3555,15.092999,18.080345,13.838722,15.768906,39318.312,11.277008,6.9000006,6.9000006,18.0,6.59154,24.84,39.921734,3.41,0.69376886,2024-11-17 16:00:00,5899.1245,6522.649,14310903.0,8669011.0,4092.201,4092.201,4374.0,4646.3203,850.711,322,24.2,121.5
1052.0,15.8055,13.1055,14.109669,16.264944,13.228914,14.685002,39261.12,1499.0591,14.700003,14.700003,24.0,5.950899,20.16,50.795284,4.79,0.8468597,2024-11-18 16:00:00,5913.2344,6537.334,14350164.0,8670510.0,4106.901,4106.901,4398.0,4651.1104,851.55786,323,24.2,121.5
1052.0,17.105501,13.705501,15.524251,18.21723,14.328442,16.626741,39205.215,19395.986,25.5,25.5,24.0,7.2202215,23.4,50.968307,6.65,1.1276224,2024-11-19 16:00:00,5928.759,6553.961,14389369.0,8689906.0,4132.401,4132.401,4422.0,4657.7603,852.6855,324,24.2,121.5
1052.0,17.2055,14.455501,15.593001,18.096304,15.117321,16.481506,39150.676,13292.139,9.199999,9.199999,20.0,5.6835546,25.919998,59.669792,6.84,1.176469,2024-11-20 16:00:00,5944.3516,6570.4424,14428520.0,8703198.0,4141.601,4141.601,4442.0,4664.6,853.86194,325,24.2,121.5
1052.0,16.2055,12.6555,14.532582,16.62998,13.05448,14.935784,39097.586,14374.104,8.400001,8.400001,24.0,6.898956,24.48,74.14932,6.07,1.0419973,2024-11-21 16:00:00,5958.8843,6585.378,14467618.0,8717572.0,4150.001,4150.001,4466.0,4670.67,854.90393,326,24.2,121.5
1052.0,15.205501,12.3555,13.276333,15.3553505,12.635477,13.519481,39046.027,5010.933,8.800001,8.800001,24.0,7.040739,24.84,77.62256,4.08,0.77289444,2024-11-22 16:00:00,5972.1606,6598.8975,14506664.0,8722583.0,4158.801,4158.801,4490.0,4674.75,855.6768,327,24.2,121.5
1052.0,16.4555,11.205501,13.895084,16.808435,10.978941,14.2322235,38996.094,26114.322,5.6,5.6,19.0,6.763786,25.56,83.7094,9.45,1.5006696,2024-11-23 16:00:00,5986.0557,6613.13,14545660.0,8748697.0,4164.401,4164.401,4509.0,4684.2,857.1775,328,24.2,121.5
1052.0,18.355501,10.8055,15.032582,19.2146,10.654378,15.664186,38947.863,33432.633,2.1000001,2.1000001,12.0,5.5450516,28.44,209.99371,11.34,1.8760666,2024-11-24 16:00:00,6001.0884,6628.794,14584608.0,8782130.0,4166.501,4166.501,4521.0,4695.54,859.0535,329,24.2,121.5
1052.0,20.15,10.8555,15.624748,21.591236,10.836845,16.434008,38901.42,26529.145,8.6,8.6,13.0,6.725354,26.64,94.7636,9.22,1.5874138,2024-11-25 16:00:00,6016.713,6645.228,14623509.0,8808659.0,4175.101,4175.101,4534.0,4704.7603,860.6409,330,24.2,121.5
1052.0,14.005501,11.1555,12.530749,13.492361,10.380501,12.186363,38856.855,8842.89,14.099999,14.099999,24.0,6.8989563,23.4,109.79003,5.0,0.90844756,2024-11-26 16:00:00,6029.2437,6657.4146,14662366.0,8817502.0,4189.201,4189.201,4558.0,4709.7603,861.5494,331,24.2,121.5
1052.0,14.0555,9.505501,11.643001,13.315935,9.051491,11.045644,38814.25,24465.973,17.5,17.5,24.0,6.8989563,25.56,119.09941,7.35,1.2033869,2024-11-27 16:00:00,6040.8867,6668.46,14701180.0,8841968.0,4206.701,4206.701,4582.0,4717.1104,862.75275,332,24.2,121.5
1052.0,13.4055,8.4055,10.670082,12.436535,7.788334,9.800852,38773.195,12728.643,13.9,13.9,23.0,7.458606,23.4,119.40331,5.77,0.9906547,2024-11-28 16:00:00,6051.5566,6678.2607,14739953.0,8854697.0,4220.601,4220.601,4605.0,4722.8804,863.7434,333,24.2,121.5
1052.0,13.1555,9.505501,11.503417,12.236099,8.965833,10.86927,38733.496,12013.633,6.1,6.1,20.0,6.5248446,21.599998,129.95749,5.23,0.9147479,2024-11-29 16:00:00,6063.06,6689.13,14778686.0,8866711.0,4226.701,4226.701,4625.0,4728.1104,864.65814,334,24.2,121.5
1052.0,16.2055,11.3055,13.678417,16.085693,11.053822,13.6284485,38695.184,30982.473,1.1,1.1,9.0,7.0107627,25.199999,167.06625,8.72,1.4062942,2024-11-30 16:00:00,6076.7383,6702.7583,14817381.0,8897693.0,4227.8013,4227.8013,4634.0,4736.8306,866.06445,335,24.2,121.5
1052.0,17.5555,10.005501,14.307583,17.71494,9.141729,14.356551,38658.316,19422.2,1.7000002,1.7000002,9.0,6.623413,28.08,184.13458,9.63,1.5835702,2024-12-01 16:00:00,6091.046,6717.1147,14856039.0,8917115.0,4229.5015,4229.5015,4643.0,4746.4604,867.648,336,24.2,121.5
1052.0,19.855501,12.455501,14.538834,20.42569,12.948446,15.074973,38622.945,21600.0,7.2000003,7.2000003,24.0,7.120815,23.039999,94.39867,8.34,1.4013219,2024-12-02 16:00:00,6105.585,6732.19,14894662.0,8938715.0,4236.7017,4236.7017,4667.0,4754.8003,869.0493,337,24.2,121.5
1052.0,16.2055,10.4055,13.099252,16.552929,10.043223,13.428372,38589.117,22035.943,6.0000005,6.0000005,18.0,7.841888,26.28,77.59255,9.41,1.4054174,2024-12-03 16:00:00,6118.684,6745.618,14933251.0,8960751.0,4242.7017,4242.7017,4685.0,4764.2104,870.4547,338,24.2,121.5
1052.0,15.5555,11.955501,13.549251,15.777208,12.221998,14.062061,38556.87,23343.895,8.5,8.5,24.0,6.9527545,25.56,104.907104,7.78,1.2305689,2024-12-04 16:00:00,6132.2334,6759.68,14971808.0,8984095.0,4251.2017,4251.2017,4709.0,4771.99,871.6853,339,24.2,121.5
1052.0,16.5555,11.6055,13.863833,17.116077,11.671636,14.317841,38526.266,28983.7,3.8999996,3.8999996,15.0,6.87779,28.08,30.256348,10.67,1.6559598,2024-12-05 16:00:00,6146.097,6773.998,15010334.0,9013079.0,4255.1016,4255.1016,4724.0,4782.66,873.34125,340,24.2,121.5
1052.0,18.0055,9.8055,13.801333,19.11879,8.884289,13.983223,38497.344,31243.613,3.3999999,3.3999999,8.0,8.209263,28.44,16.170244,13.76,2.1262023,2024-12-06 16:00:00,6159.8984,6787.9814,15048831.0,9044323.0,4258.5015,4258.5015,4732.0,4796.42,875.46747,341,24.2,121.5
1052.0,13.4055,9.6055,11.938832,13.7362385,9.084329,11.442254,38470.16,18928.047,9.8,9.8,23.0,7.2202215,26.28,76.92867,7.03,1.1069199,2024-12-07 16:00:00,6171.8374,6799.424,15087301.0,9063251.0,4268.3013,4268.3013,4755.0,4803.4497,876.5744,342,24.2,121.5
1052.0,13.005501,9.6055,11.215917,12.686983,9.217441,10.928388,38444.754,370.9987,10.4,10.4,24.0,6.5520988,19.44,115.33237,2.84,0.5575588,2024-12-08 16:00:00,6183.053,6810.352,15125746.0,9063622.0,4278.701,4278.701,4779.0,4806.2896,877.13196,343,24.2,121.5
1052.0,16.105501,11.0555,13.507584,16.390032,11.154282,13.869274,38421.176,19211.867,4.2,4.2,22.0,6.248359,25.919998,159.7751,7.71,1.245775,2024-12-09 16:00:00,6196.561,6824.221,15164167.0,9082834.0,4282.9014,4282.9014,4801.0,4813.9995,878.37775,344,24.2,121.5
1052.0,19.4555,12.6055,14.901334,20.37418,12.868595,15.58287,38399.48,26980.422,12.799999,12.799999,23.0,6.5223618,24.48,150.11902,9.72,1.595468,2024-12-10 16:00:00,6211.4624,6839.804,15202566.0,9109814.0,4295.701,4295.701,4824.0,4823.7197,879.9732,345,24.2,121.5
1052.0,14.455501,11.955501,12.697167,14.367987,11.978922,12.93053,38379.707,2703.2422,20.600002,20.600002,24.0,5.991594,25.56,119.25525,4.54,0.7933484,2024-12-11 16:00:00,6224.1597,6852.735,15240946.0,9112517.0,4316.3013,4316.3013,4848.0,4828.26,880.76654,346,24.2,121.5
1052.0,15.855501,10.1055,12.657585,16.171217,9.643945,12.867672,38361.91,26619.578,17.2,17.2,24.0,5.7964473,32.399998,126.16816,8.18,1.3127168,2024-12-12 16:00:00,6236.8174,6865.6025,15279308.0,9139137.0,4333.5015,4333.5015,4872.0,4836.44,882.0793,347,24.2,121.5
1052.0,12.005501,9.1555,10.420082,10.997545,8.179904,9.554371,38346.125,6588.036,29.6,29.6,24.0,6.7853074,28.44,119.63144,4.97,0.82502073,2024-12-13 16:00:00,6247.2373,6875.1567,15317654.0,9145725.0,4363.1016,4363.1016,4896.0,4841.41,882.9043,348,24.2,121.5
1052.0,10.9055,7.9055,9.197167,9.6650715,6.8202734,8.115296,38332.406,5488.2466,18.199999,18.199999,24.0,6.544677,25.56,124.33025,4.06,0.71216094,2024-12-14 16:00:00,6256.4346,6883.272,15355986.0,9151213.0,4381.302,4381.302,4920.0,4845.47,883.61646,349,24.2,121.5
1052.0,10.0555,8.1055,9.1034155,9.369045,7.2181253,8.35169,38320.793,0.0,18.500002,18.500002,24.0,4.846648,24.119999,137.62648,2.25,0.45066044,2024-12-15 16:00:00,6265.538,6891.6235,15394307.0,9151213.0,4399.802,4399.802,4944.0,4847.72,884.06714,350,24.2,121.5
1052.0,15.505501,8.705501,11.524251,15.267223,7.758707,11.174728,38311.336,19793.736,6.4999995,6.4999995,20.0,7.570707,32.399998,112.429184,8.25,1.2570946,2024-12-16 16:00:00,6277.0625,6902.7983,15432618.0,9171007.0,4406.302,4406.302,4964.0,4855.97,885.3242,351,24.2,121.5
1052.0,13.5555,7.8054996,10.484666,13.067472,5.992811,9.583831,38304.07,15428.37,10.200002,10.200002,22.0,6.391901,25.199999,74.95712,6.81,1.0836418,2024-12-17 16:00:00,6287.5474,6912.3823,15470922.0,9186435.0,4416.502,4416.502,4986.0,4862.7803,886.40784,352,24.2,121.5
1052.0,8.3555,7.0555,7.5888324,7.4111233,5.2169914,6.108454,38298.934,2671.4106,17.400002,17.400002,24.0,5.6835546,19.8,88.57117,3.51,0.60185504,2024-12-18 16:00:00,6295.136,6918.4907,15509221.0,9189106.0,4433.902,4433.902,5010.0,4866.29,887.0097,353,24.2,121.5
1052.0,12.955501,8.255501,10.522168,12.135485,7.6889,9.94855,38295.86,27168.305,7.8999996,7.8999996,24.0,7.1321807,28.44,88.35169,8.38,1.2583399,2024-12-19 16:00:00,6305.658,6928.4395,15547517.0,9216274.0,4441.802,4441.802,5034.0,4874.67,888.26807,354,24.2,121.5
1052.0,14.3055,6.4055,10.42425,13.948704,4.6689167,9.58596,38294.836,25336.48,7.4999995,7.4999995,15.0,6.5024605,25.199999,59.194794,9.68,1.4438468,2024-12-20 16:00:00,6316.0825,6938.0254,15585812.0,9241610.0,4449.302,4449.302,5049.0,4884.35,889.7119,355,24.2,121.5
1052.0,10.705501,8.0555,9.090918,9.320975,7.1584225,7.9232707,38295.844,563.03265,13.1,13.1,24.0,6.379216,23.039999,107.330986,4.19,0.73665583,2024-12-21 16:00:00,6325.1733,6945.9487,15624108.0,9242173.0,4462.402,4462.402,5073.0,4888.54,890.44855,356,24.2,121.5
1052.0,11.955501,8.1055,9.684669,11.219378,7.2349215,9.118419,38298.867,3092.681,14.899998,14.899998,24.0,5.8104043,19.8,94.62543,3.22,0.583556,2024-12-22 16:00:00,6334.858,6955.0674,15662407.0,9245266.0,4477.302,4477.302,5097.0,4891.7603,891.0321,357,24.2,121.5
1052.0,12.0555,9.455501,10.740916,11.8319435,8.670097,10.366409,38303.883,810.01465,13.100001,13.100001,24.0,5.720489,18.359999,37.43865,3.57,0.61292773,2024-12-23 16:00:00,6345.5986,6965.4336,15700711.0,9246076.0,4490.402,4490.402,5121.0,4895.33,891.645,358,24.2,121.5
1052.0,17.0055,9.4055,13.08675,18.415636,8.644704,13.428508,38310.88,23789.188,5.3999996,5.3999996,23.0,4.452954,22.319998,242.01387,6.92,1.1979538,2024-12-24 16:00:00,6358.6855,6978.8623,15739022.0,9269865.0,4495.802,4495.802,5144.0,4902.25,892.84296,359,24.2,121.5
1052.0,16.355501,8.3055,12.615917,16.674627,7.27561,12.550927,38319.824,21896.912,7.4,7.4,24.0,7.4346757,27.72,66.801346,8.65,1.3919785,2024-12-25 16:00:00,6371.3013,6991.413,15777342.0,9291762.0,4503.2017,4503.2017,5168.0,4910.9,894.2349,360,24.2,121.5
1052.0,12.3055,10.1555,11.395083,11.865295,9.769161,11.039239,38330.715,1186.2716,16.400002,16.400002,24.0,5.6835546,19.08,108.06328,2.99,0.600865,2024-12-26 16:00:00,6382.6963,7002.452,15815673.0,9292948.0,4519.6016,4519.6016,5192.0,4913.89,894.8358,361,24.2,121.5
1052.0,10.005501,6.8055,8.715917,9.595469,5.1703606,7.4924674,38343.516,242.5692,26.599998,26.599998,24.0,6.778141,23.759998,101.88303,3.66,0.64470255,2024-12-27 16:00:00,6391.412,7009.945,15854017.0,9293191.0,4546.2017,4546.2017,5216.0,4917.5503,895.4805,362,24.2,121.5
1052.0,10.1555,6.9055,8.438834,8.793671,5.3372307,7.0922475,38358.203,7296.002,3.7999995,3.7999995,19.0,4.913044,19.44,120.8039,5.06,0.81997746,2024-12-28 16:00:00,6399.851,7017.037,15892375.0,9300487.0,4550.0015,4550.0015,5235.0,4922.6104,896.30054,363,24.2,121.5
1052.0,16.4055,9.3055,12.413833,16.251234,8.1288,11.909932,38374.76,32054.914,0.2,0.2,2.0,5.991594,23.759998,246.37062,12.43,1.9396375,2024-12-29 16:00:00,6412.265,7028.9473,15930750.0,9332542.0,4550.2017,4550.2017,5237.0,4935.0405,898.2402,364,24.2,121.5
1052.0,14.5555,6.5055,10.782584,13.836502,5.1196995,10.022814,38393.17,21653.02,8.2,8.2,20.0,6.66,26.28,124.58538,8.85,1.3862885,2024-12-30 16:00:00,6423.048,7038.97,15969143.0,9354195.0,4558.402,4558.402,5257.0,4943.8906,899.62646,365,24.2,121.5
