date,elevation,temperature_2m_max,temperature_2m_min,temperature_2m_mean,apparent_temperature_max,apparent_temperature_min,apparent_temperature_mean,daylight_duration,sunshine_duration,precipitation_sum,rain_sum,precipitation_hours,wind_speed_10m_max,wind_gusts_10m_max,wind_direction_10m_dominant,shortwave_radiation_sum,et0_fao_evapotranspiration,cumulative_temperature_2m_mean,cumulative_apparent_temperature_mean,cumulative_daylight_duration,cumulative_sunshine_duration,cumulative_precipitation_sum,cumulative_rain_sum,cumulative_precipitation_hours,cumulative_shortwave_radiation_sum,cumulative_et0_fao_evapotranspiration,day
2026-01-01 16:00:00+00:00,1077.0,9.605,6.255,8.1925,8.378461,4.344858,6.4384723,38402.105,0.0,12.400001,12.400001,24.0,6.122647,34.2,8.746102,3.52,0.68347925,8.1925,6.4384723,38402.105,0.0,12.400001,12.400001,24.0,3.52,0.68347925,1
2026-01-02 16:00:00+00:00,1077.0,8.755,6.0550003,7.3966675,6.9085827,4.0745335,5.630573,38425.508,8316.943,4.1000004,3.5000005,21.0,5.232399,23.4,80.00259,5.27,0.8433642,15.589168,12.069045,76827.61,8316.943,16.5,15.900002,45.0,8.79,1.5268434,2
2026-01-03 16:00:00+00:00,1077.0,14.1050005,7.255,10.632084,13.439224,5.6436377,9.499424,38451.086,27812.361,4.5,4.5,23.0,6.489992,28.44,161.51936,10.26,1.583792,26.221252,21.56847,115278.695,36129.305,21.0,20.400002,68.0,19.05,3.1106353,3
2026-01-04 16:00:00+00:00,1077.0,14.805,8.705,11.375833,14.451689,7.378167,10.662586,38478.777,36000.0,9.2,9.2,19.0,5.2694216,31.68,212.17119,11.03,1.6748874,37.597084,32.231056,153757.47,72129.305,30.2,29.600002,87.0,30.079998,4.7855225,4
2026-01-05 16:00:00+00:00,1077.0,11.755,8.505,9.865417,10.8167,7.139242,8.870441,38508.52,11426.155,4.899999,4.899999,24.0,4.379589,38.88,350.07382,6.18,1.0236326,47.4625,41.101498,192265.98,83555.46,35.1,34.5,111.0,36.26,5.809155,5
2026-01-06 16:00:00+00:00,1077.0,10.405,6.505,8.3175,9.003464,4.361452,6.732895,38540.242,22728.182,3.0,3.0,24.0,5.072041,39.6,349.23572,7.9,1.2012312,55.780003,47.834393,230806.22,106283.64,38.1,37.5,135.0,44.16,7.0103865,6
2026-01-07 16:00:00+00:00,1077.0,8.655,6.705,7.6737494,7.2629347,4.9544926,6.15262,38573.883,146.41045,11.3,11.1,24.0,3.4623692,33.839996,10.775734,3.01,0.59506583,63.45375,53.98701,269380.1,106430.055,49.399998,48.6,159.0,47.17,7.6054525,7
2026-01-08 16:00:00+00:00,1077.0,9.905,6.505,8.271667,8.74848,4.636753,6.747618,38609.38,8099.699,6.1000004,6.1000004,22.0,4.445672,38.16,213.69011,4.47,0.78994364,71.72542,60.73463,307989.47,114529.75,55.5,54.699997,181.0,51.64,8.395396,8
2026-01-09 16:00:00+00:00,1077.0,13.255,6.3050003,9.596667,12.506041,4.006481,8.352263,38646.656,18000.0,6.3,6.3,12.0,6.452441,35.64,246.30579,9.36,1.4066356,81.32208,69.08689,346636.12,132529.75,61.8,60.999996,193.0,61.0,9.8020315,9
2026-01-10 16:00:00+00:00,1077.0,11.005,7.005,8.6779175,9.611957,5.4403095,7.093455,38685.656,15008.39,3.7999992,3.7999992,21.0,6.3639607,31.68,45.102898,6.88,1.0948015,90.0,76.18034,385321.78,147538.14,65.6,64.799995,214.0,67.88,10.896833,10
2026-01-11 16:00:00+00:00,1077.0,12.305,7.105,9.809167,11.531367,5.553301,8.712041,38726.31,6583.753,2.3,2.3,16.0,5.5216303,35.28,197.38007,5.45,0.94588095,99.809166,84.89239,424048.1,154121.89,67.9,67.1,230.0,73.329994,11.842714,11
2026-01-12 16:00:00+00:00,1077.0,14.405,7.155,11.09875,14.119991,5.328417,10.238498,38768.547,21644.86,4.1999993,4.1999993,13.0,6.6697226,36.719997,254.59221,9.71,1.5313843,110.90791,95.13088,462816.62,175766.75,72.1,71.299995,243.0,83.03999,13.374099,12
2026-01-13 16:00:00+00:00,1077.0,15.6050005,9.155,12.036248,15.166662,7.9705944,11.257134,38812.312,30132.578,1.5000002,1.5000002,14.0,7.9567327,34.56,154.7045,10.74,1.6841637,122.94416,106.388016,501628.94,205899.33,73.6,72.799995,257.0,93.77999,15.058263,13
2026-01-14 16:00:00+00:00,1077.0,16.105,10.6050005,12.927915,16.030767,9.375495,12.409259,38857.535,27069.783,5.799999,5.799999,12.0,6.59154,30.599998,194.72435,12.05,1.930348,135.87207,118.79727,540486.5,232969.11,79.399994,78.59999,269.0,105.829994,16.988611,14
2026-01-15 16:00:00+00:00,1077.0,17.055,10.455,13.834165,17.922668,9.625245,14.057229,38904.15,25200.0,6.2999997,6.2999997,15.0,7.256032,34.92,196.43425,12.22,1.9321684,149.70624,132.8545,579390.6,258169.11,85.7,84.899994,284.0,118.049995,18.92078,15
2026-01-16 16:00:00+00:00,1077.0,16.455,10.255,13.327918,16.31549,9.518582,13.2829485,38952.094,19906.656,4.1,4.1,18.0,5.4477882,24.84,308.6599,6.67,1.2046001,163.03415,146.13745,618342.75,278075.75,89.799995,88.99999,302.0,124.71999,20.12538,16
2026-01-17 16:00:00+00:00,1077.0,16.105,10.055,13.115417,16.531723,9.425127,13.132878,39001.31,23181.748,2.3999996,2.3999996,10.0,4.913044,25.56,335.22495,9.15,1.4920989,176.14957,159.27032,657344.06,301257.5,92.2,91.399994,312.0,133.87,21.61748,17
2026-01-18 16:00:00+00:00,1077.0,16.555,11.6050005,13.494582,16.110641,10.703529,13.011098,39051.72,32400.0,2.6000001,2.6000001,15.0,7.8728137,33.839996,27.612942,13.57,2.1895053,189.64415,172.28142,696395.75,333657.5,94.799995,93.99999,327.0,147.44,23.806984,18
2026-01-19 16:00:00+00:00,1077.0,12.205,8.705,10.634168,11.248188,7.139353,9.600438,39103.273,9270.067,2.4999995,2.4999995,18.0,6.482499,32.760002,21.663656,6.31,1.0576566,200.27832,181.88185,735499.0,342927.56,97.299995,96.49999,345.0,153.75,24.864641,19
2026-01-20 16:00:00+00:00,1077.0,10.1050005,6.705,8.452917,8.721476,4.963089,6.8740845,39155.91,5574.3555,3.5,3.5,20.0,5.0528407,33.12,19.668913,5.18,0.8845776,208.73123,188.75594,774654.94,348501.9,100.799995,99.99999,365.0,158.93,25.749218,20
2026-01-21 16:00:00+00:00,1077.0,8.255,6.705,7.4133325,7.381441,4.921238,6.1618447,39209.58,432.7469,16.699999,16.5,24.0,3.8183763,29.519999,31.363235,2.71,0.52900827,216.14456,194.91779,813864.5,348934.66,117.49999,116.49999,389.0,161.64,26.278227,21
2026-01-22 16:00:00+00:00,1077.0,11.705,7.455,9.3654175,10.779838,6.508136,8.615951,39264.766,296.36032,7.8000007,7.8000007,24.0,6.1569467,23.759998,114.893776,4.69,0.7841813,225.50998,203.53374,853129.25,349231.03,125.299995,124.299995,413.0,166.33,27.062408,22
2026-01-23 16:00:00+00:00,1077.0,13.8550005,8.805,11.53625,14.743601,7.86557,11.419297,39321.69,23132.832,11.3,11.3,24.0,4.503598,24.48,206.56493,8.06,1.3228525,237.04623,214.95303,892450.94,372363.88,136.59999,135.59999,437.0,174.39,28.385262,23
2026-01-24 16:00:00+00:00,1077.0,14.255,11.905,12.796666,14.335203,11.787666,12.891347,39380.258,3498.983,13.599999,13.599999,24.0,7.056826,28.08,155.05608,3.74,0.687667,249.8429,227.84438,931831.2,375862.84,150.2,149.2,461.0,178.13,29.07293,24
2026-01-25 16:00:00+00:00,1077.0,16.605,11.655,13.590416,17.132408,11.548769,13.822193,39440.383,28430.479,8.299999,8.299999,24.0,5.7402787,23.4,170.1642,9.6,1.5839368,263.43332,241.66656,971271.56,404293.3,158.5,157.5,485.0,187.73001,30.656866,25
2026-01-26 16:00:00+00:00,1077.0,15.455,8.055,12.294583,15.721777,7.0642614,12.241897,39501.97,26971.96,6.6,6.6,17.0,5.771239,31.68,25.593979,10.58,1.6247689,275.7279,253.90846,1010773.5,431265.28,165.1,164.1,502.0,198.31001,32.281635,26
2026-01-27 16:00:00+00:00,1077.0,13.655,9.655,11.094583,13.130217,9.158766,10.5207815,39564.926,21239.566,5.7,5.7,22.0,6.3639607,31.68,53.958046,7.96,1.2662483,286.82248,264.42923,1050338.4,452504.84,170.8,169.8,524.0,206.27002,33.547882,27
2026-01-28 16:00:00+00:00,1077.0,14.505,9.455,11.37375,13.999418,8.938627,10.856248,39629.17,16924.545,5.0,5.0,21.0,8.027677,27.359999,136.58333,8.87,1.410072,298.19623,275.2855,1089967.5,469429.38,175.8,174.8,545.0,215.14001,34.957954,28
2026-01-29 16:00:00+00:00,1077.0,15.905,9.055,12.640415,16.3222,7.974902,12.55273,39694.613,29935.406,3.7999997,3.7999997,15.0,6.725354,30.960001,196.29176,11.82,1.8474917,310.83664,287.83823,1129662.1,499364.78,179.6,178.6,560.0,226.96002,36.805447,29
2026-01-30 16:00:00+00:00,1077.0,16.904999,10.1050005,13.000833,17.789642,9.371812,12.944175,39761.164,30099.174,5.8,5.8,13.0,5.9427266,31.319998,312.3842,12.99,2.0979471,323.83746,300.7824,1169423.2,529463.94,185.40001,184.40001,573.0,239.95003,38.903393,30
2026-01-31 16:00:00+00:00,1077.0,11.905,10.205,10.88625,11.48212,9.511668,10.496029,39828.746,0.0,12.0,12.0,24.0,3.9312592,28.44,84.58308,3.22,0.6448163,334.72372,311.27844,1209252.0,529463.94,197.40001,196.40001,597.0,243.17003,39.54821,31
2026-02-01 16:00:00+00:00,1077.0,12.6050005,9.555,11.005001,12.276213,8.815877,10.629777,39897.273,1315.3372,13.0,13.0,23.0,4.599695,20.519999,44.219536,3.82,0.74663687,345.72873,321.90823,1249149.2,530779.25,210.40001,209.40001,620.0,246.99004,40.294846,32
2026-02-02 16:00:00+00:00,1077.0,11.805,8.755,10.277916,11.103538,8.115445,9.629811,39966.66,0.0,3.5999997,3.5999997,23.0,4.7827187,29.88,123.620834,4.29,0.79121596,356.00665,331.53806,1289115.9,530779.25,214.00002,213.00002,643.0,251.28003,41.086063,33
2026-02-03 16:00:00+00:00,1077.0,16.404999,9.8550005,12.934166,16.774677,9.062907,12.8405,40036.83,25923.945,5.3999996,5.3999996,13.0,7.406295,32.399998,191.27324,12.35,1.9734359,368.94083,344.37854,1329152.8,556703.2,219.40001,218.40001,656.0,263.63004,43.059498,34
2026-02-04 16:00:00+00:00,1077.0,18.304998,9.905,14.367497,20.046127,8.530426,14.69255,40107.7,30173.467,2.7,2.7,8.0,6.638072,36.36,225.77863,14.7,2.3926282,383.30832,359.07108,1369260.5,586876.6,222.1,221.1,664.0,278.33005,45.452126,35
2026-02-05 16:00:00+00:00,1077.0,18.554998,9.005,14.142499,20.449856,7.693143,14.54124,40179.19,22847.547,6.5000005,6.5000005,12.0,7.3447943,30.239998,248.7344,12.9,2.1125784,397.4508,373.6123,1409439.8,609724.2,228.6,227.6,676.0,291.23004,47.564705,36
2026-02-06 16:00:00+00:00,1077.0,13.8550005,7.455,11.157083,14.277151,6.229885,10.539126,40251.234,0.0,8.200001,8.200001,24.0,5.6060677,32.039997,22.887749,3.65,0.7223167,408.60788,384.15143,1449691.0,609724.2,236.8,235.8,700.0,294.88004,48.28702,37
2026-02-07 16:00:00+00:00,1077.0,8.055,5.155,6.73,6.2027245,2.9979172,4.7888985,40323.742,655.9877,12.200002,9.500002,22.0,5.4119864,34.92,16.313938,4.92,0.82127607,415.3379,388.94034,1490014.8,610380.2,249.0,245.3,722.0,299.80005,49.1083,38
2026-02-08 16:00:00+00:00,1077.0,9.755,4.755,7.5779176,8.48452,2.430069,5.8285713,40396.65,19726.9,2.4,2.4,22.0,5.2323985,31.68,117.62368,7.9,1.1814742,422.9158,394.76892,1530411.4,630107.06,251.4,247.7,744.0,307.70004,50.289772,39
2026-02-09 16:00:00+00:00,1077.0,15.155,9.355,12.105,14.606018,7.9455404,11.374798,40469.875,28835.06,5.5999994,5.5999994,20.0,7.24486,31.68,190.60915,11.07,1.7877829,435.0208,406.1437,1570881.2,658942.1,257.0,253.3,764.0,318.77005,52.077557,40
2026-02-10 16:00:00+00:00,1077.0,17.404999,8.255,11.719582,17.301249,6.530526,11.215772,40543.363,18533.027,6.200001,6.200001,14.0,6.489992,36.0,281.93552,10.16,1.6088332,446.7404,417.35947,1611424.6,677475.1,263.2,259.5,778.0,328.93005,53.68639,41
2026-02-11 16:00:00+00:00,1077.0,14.555,8.805,11.519584,14.420132,7.7943945,11.053982,40617.684,19258.838,5.2,5.2,22.0,6.7469993,30.599998,198.62166,9.41,1.4629265,458.25998,428.41345,1652042.2,696733.94,268.40002,264.7,800.0,338.34006,55.149315,42
2026-02-12 16:00:00+00:00,1077.0,16.805,9.605,13.677918,17.859783,8.368334,13.729572,40693.113,29774.27,4.7999997,4.7999997,13.0,7.562142,31.319998,198.19177,15.7,2.4421759,471.9379,442.14304,1692735.4,726508.2,273.2,269.5,813.0,354.04007,57.59149,43
2026-02-13 16:00:00+00:00,1077.0,19.054998,9.105,14.963332,20.605297,7.8777018,15.219261,40769.56,30137.895,4.3,4.3,9.0,7.9077177,29.88,206.87592,16.64,2.7584033,486.9012,457.3623,1733504.9,756646.06,277.5,273.8,822.0,370.68005,60.349895,44
2026-02-14 16:00:00+00:00,1077.0,19.205,11.655,15.298748,20.935102,10.641116,15.762695,40846.95,29406.033,7.9999995,7.9999995,10.0,6.854195,28.08,186.14262,15.98,2.6707878,502.19995,473.125,1774351.9,786052.1,285.5,281.8,832.0,386.66006,63.020683,45
2026-02-15 16:00:00+00:00,1077.0,19.505,10.955,14.905,21.78037,9.953941,15.538335,40925.203,25616.34,7.8999996,7.8999996,16.0,6.489992,30.599998,183.03929,15.32,2.5580258,517.105,488.66333,1815277.1,811668.44,293.4,289.69998,848.0,401.98007,65.57871,46
2026-02-16 16:00:00+00:00,1077.0,14.955,11.1050005,12.74875,15.130585,10.33827,12.545502,41004.24,18697.486,4.9,4.9,17.0,5.3457265,36.719997,1.78293,9.64,1.5817409,529.85376,501.20883,1856281.4,830365.94,298.3,294.59998,865.0,411.6201,67.16045,47
2026-02-17 16:00:00+00:00,1077.0,13.1050005,10.055,11.282084,12.949049,9.348617,10.7818,41083.984,0.0,7.899998,7.899998,23.0,4.2136917,32.399998,53.181248,3.66,0.7372657,541.13586,511.99063,1897365.4,830365.94,306.19998,302.49997,888.0,415.2801,67.89772,48
2026-02-18 16:00:00+00:00,1077.0,13.705,9.905,11.586247,13.120157,9.119497,10.969917,41164.363,9478.826,6.2,6.2,17.0,7.16617,33.48,146.26924,8.01,1.3271697,552.7221,522.9606,1938529.8,839844.75,312.4,308.69998,905.0,423.2901,69.22489,49
2026-02-19 16:00:00+00:00,1077.0,15.755,9.205,12.163334,16.176718,7.9121943,12.052489,41245.297,24224.414,10.0,10.0,13.0,6.519877,31.319998,200.64204,11.4,1.7988639,564.88544,535.01306,1979775.0,864069.2,322.4,318.69998,918.0,434.6901,71.02376,50
2026-02-20 16:00:00+00:00,1077.0,17.404999,9.455,14.005,18.901474,8.365671,14.160892,41326.723,28527.441,4.7999997,4.7999997,15.0,7.689603,31.68,184.60442,15.45,2.4761457,578.89044,549.17395,2021101.8,892596.6,327.19998,323.49997,933.0,450.1401,73.4999,51
2026-02-21 16:00:00+00:00,1077.0,19.904999,10.455,14.496666,20.760416,9.540181,14.804523,41408.555,36781.46,6.6,6.6,14.0,6.379216,30.599998,20.256569,16.83,2.7090056,593.3871,563.97845,2062510.2,929378.06,333.8,330.09998,947.0,466.9701,76.20891,52
2026-02-22 16:00:00+00:00,1077.0,16.755,12.1050005,14.767499,17.300758,12.18165,14.869808,41490.73,34395.824,9.800001,9.800001,19.0,7.256032,35.28,174.50365,10.81,1.8100462,608.1546,578.84827,2104001.0,963773.9,343.59998,339.89996,966.0,477.7801,78.01895,53
2026-02-23 16:00:00+00:00,1077.0,18.855,13.505,15.877917,20.006872,12.808552,16.465635,41573.18,33614.473,1.7000002,1.7000002,9.0,6.618519,29.519999,215.21765,13.72,2.365152,624.03253,595.3139,2145574.2,997388.4,345.3,341.59998,975.0,491.5001,80.3841,54
2026-02-24 16:00:00+00:00,1077.0,18.105,11.205,14.573749,19.556007,10.658328,15.069118,41655.832,23134.027,3.3999994,3.3999994,13.0,6.5024605,27.72,358.0251,12.18,2.0511427,638.60626,610.383,2187230.0,1020522.4,348.69998,344.99997,988.0,503.68008,82.43524,55
2026-02-25 16:00:00+00:00,1077.0,18.505,13.705,16.105,20.047386,14.025194,17.037563,41738.613,25382.785,4.0,4.0,13.0,7.0407386,34.56,184.33817,13.28,2.2492428,654.71124,627.42053,2228968.5,1045905.2,352.69998,348.99997,1001.0,516.9601,84.68449,56
2026-02-26 16:00:00+00:00,1077.0,20.404999,12.255,15.892498,22.114971,11.54996,16.959724,41821.465,27965.072,8.6,8.6,21.0,8.891344,44.639996,255.50429,12.25,2.0996177,670.60376,644.38025,2270790.0,1073870.2,361.3,357.59998,1022.0,529.2101,86.7841,57
2026-02-27 16:00:00+00:00,1077.0,16.404999,13.155,14.4675,17.336905,13.701088,15.371839,41904.31,1560.4797,13.4,13.4,24.0,4.724786,28.8,143.13013,5.37,1.0122828,685.0713,659.7521,2312694.2,1075430.8,374.69998,370.99997,1046.0,534.5801,87.79639,58
2026-02-28 16:00:00+00:00,1077.0,20.005,14.3550005,16.657084,22.272598,15.26149,17.84009,41987.086,26996.79,6.7,6.7,18.0,8.049845,39.239998,183.93797,11.18,1.9356349,701.7284,677.59216,2354681.2,1102427.5,381.4,377.69998,1064.0,545.7601,89.732025,59
2026-03-01 16:00:00+00:00,1077.0,21.304998,15.1050005,17.913332,24.539545,16.271627,19.545877,42069.727,40746.773,0.3,0.3,3.0,8.171683,37.44,281.11646,17.61,3.1693664,719.6417,697.13806,2396751.0,1143174.2,381.69998,377.99997,1067.0,563.37006,92.90139,60
2026-03-02 16:00:00+00:00,1077.0,14.705,12.005,13.2300005,15.836933,11.855137,13.56606,42152.18,0.0,25.300003,25.300003,23.0,4.2021427,32.760002,32.28397,2.16,0.531965,732.8717,710.7041,2438903.2,1143174.2,407.0,403.3,1090.0,565.53,93.43336,61
2026-03-03 16:00:00+00:00,1077.0,13.505,11.255,12.196667,13.867016,11.222379,12.354762,42234.99,0.0,16.1,16.1,24.0,4.175069,21.24,74.56409,2.18,0.5086203,745.06836,723.05884,2481138.2,1143174.2,423.1,419.4,1114.0,567.71,93.94198,62
2026-03-04 16:00:00+00:00,1077.0,16.404999,12.655,14.025833,17.781496,12.990852,14.8380575,42318.418,8049.676,11.300002,11.300002,23.0,4.2175345,23.039999,172.7514,7.21,1.2974645,759.0942,737.8969,2523456.8,1151223.9,434.4,430.69998,1137.0,574.92004,95.23944,63
2026-03-05 16:00:00+00:00,1077.0,17.005,11.6050005,13.563334,18.201305,10.90979,13.616769,42402.41,26238.96,5.799999,5.799999,22.0,8.225035,38.16,30.478506,13.8,2.2384293,772.65753,751.5137,2565859.2,1177462.9,440.19998,436.49997,1159.0,588.72003,97.47787,64
2026-03-06 16:00:00+00:00,1077.0,13.955,10.405,11.907082,13.568527,9.986234,11.490443,42486.902,8949.533,3.0999997,3.0999997,21.0,7.029225,25.56,60.838108,7.12,1.1946701,784.56464,763.0041,2608346.2,1186412.4,443.3,439.59998,1180.0,595.84,98.67254,65
2026-03-07 16:00:00+00:00,1077.0,14.955,9.955,12.471667,15.028156,9.189924,12.419654,42571.824,23903.352,5.5999994,5.5999994,17.0,7.415038,26.28,95.810875,13.32,2.0425768,797.0363,775.42377,2650918.0,1210315.8,448.9,445.19998,1197.0,609.16003,100.71512,66
2026-03-08 16:00:00+00:00,1077.0,16.154999,9.455,12.469582,16.717817,8.560674,12.271047,42657.125,17326.709,7.5,7.5,21.0,7.289445,33.839996,50.376774,11.02,1.7915137,809.5059,787.6948,2693575.0,1227642.5,456.4,452.69998,1218.0,620.18005,102.50663,67
2026-03-09 16:00:00+00:00,1077.0,10.205,8.455,9.332084,9.733692,7.5430574,8.703758,42742.734,0.0,21.199999,21.199999,24.0,3.4152596,24.84,62.328033,2.2,0.49797267,818.838,796.39856,2736317.8,1227642.5,477.6,473.9,1242.0,622.38007,103.0046,68
2026-03-10 16:00:00+00:00,1077.0,15.005,9.955,11.9279175,14.849745,9.478999,11.544362,42828.6,16952.707,5.5999994,5.5999994,22.0,6.341009,33.48,111.52274,10.47,1.7161252,830.7659,807.94293,2779146.2,1244595.2,483.2,479.5,1264.0,632.85004,104.720726,69
2026-03-11 16:00:00+00:00,1077.0,15.005,7.955,11.550834,15.723669,5.444479,10.570214,42914.66,39708.215,3.4,3.4,17.0,7.922045,42.48,1.9053817,18.44,2.907117,842.3168,818.5131,2822061.0,1284303.5,486.6,482.9,1281.0,651.29004,107.627846,70
2026-03-12 16:00:00+00:00,1077.0,14.705,6.605,10.182083,14.355036,2.9358807,8.181567,43000.855,42555.41,0.0,0.0,0.0,9.299225,46.8,14.576502,24.52,3.7277951,852.49884,826.6947,2865061.8,1326858.9,486.6,482.9,1281.0,675.81006,111.355644,71
2026-03-13 16:00:00+00:00,1077.0,16.205,6.155,11.444583,17.49601,4.1187534,10.632471,43087.125,36906.51,0.0,0.0,0.0,8.287822,35.64,56.725185,22.22,3.3869846,863.9434,837.32715,2908149.0,1363765.4,486.6,482.9,1281.0,698.03,114.74263,72
2026-03-14 16:00:00+00:00,1077.0,17.505,10.155,13.515418,18.989553,9.258745,13.07808,43173.414,35146.484,1.4000001,1.4000001,9.0,8.827343,38.519997,124.050224,19.49,3.0829642,877.45886,850.4052,2951322.5,1398911.9,488.0,484.3,1290.0,717.52,117.82559,73
2026-03-15 16:00:00+00:00,1077.0,16.455,12.1050005,13.900833,16.873602,11.973265,13.68789,43259.652,18989.604,3.2999997,3.2999997,21.0,8.217153,33.12,133.90363,11.2,1.8921334,891.3597,864.0931,2994582.2,1417901.5,491.3,487.59998,1311.0,728.72003,119.71773,74
2026-03-16 16:00:00+00:00,1077.0,17.755,12.1050005,14.713334,19.52149,11.2712145,14.725586,43345.797,29133.484,3.8999999,3.8999999,13.0,8.783189,43.199997,164.80336,15.71,2.5721586,906.073,878.81866,3037928.0,1447035.0,495.19998,491.49997,1324.0,744.43005,122.28989,75
2026-03-17 16:00:00+00:00,1077.0,19.654999,9.605,15.311248,21.343105,8.41595,15.609103,43431.777,39383.297,1.4000001,1.4000001,6.0,6.8612823,30.599998,212.53053,19.59,3.298311,921.3842,894.4278,3081359.8,1486418.2,496.59998,492.89996,1330.0,764.0201,125.588196,76
2026-03-18 16:00:00+00:00,1077.0,18.755,13.905,15.6925,20.997911,13.395693,16.347494,43517.54,35051.863,4.1000004,4.1000004,11.0,5.5829024,28.08,289.24945,17.92,3.0730367,937.0767,910.77527,3124877.2,1521470.1,500.69998,496.99997,1341.0,781.94006,128.66124,77
2026-03-19 16:00:00+00:00,1077.0,17.055,10.655,14.463332,18.460016,10.466811,15.096691,43603.023,37095.55,3.7999997,3.7999997,9.0,5.7515564,32.039997,83.66003,17.45,2.8077583,951.54004,925.87195,3168480.2,1558565.6,504.49997,500.79996,1350.0,799.3901,131.469,78
2026-03-20 16:00:00+00:00,1077.0,17.605,11.205,14.734165,19.41458,10.514249,15.337513,43688.17,34496.8,4.0,4.0,6.0,6.489992,29.88,334.61618,15.04,2.5288332,966.27423,941.2095,3212168.5,1593062.4,508.49997,504.79996,1356.0,814.43005,133.99783,79
2026-03-21 16:00:00+00:00,1077.0,19.505,13.455,16.515419,21.786312,13.010052,17.52878,43772.914,43200.0,7.1,7.1,13.0,6.601363,32.760002,149.03638,18.76,3.191606,982.7897,958.7383,3255941.5,1636262.4,515.6,511.89996,1369.0,833.19006,137.18944,80
2026-03-22 16:00:00+00:00,1077.0,20.255,14.555,17.36125,23.17772,14.671904,18.916132,43857.22,34821.098,6.3,6.3,14.0,5.896202,28.8,150.10965,18.44,3.2080684,1000.15094,977.6544,3299798.8,1671083.5,521.89996,518.19995,1383.0,851.63007,140.3975,81
2026-03-23 16:00:00+00:00,1077.0,20.654999,13.055,17.559166,23.75989,13.276703,19.192446,43941.574,43200.0,2.1000001,2.1000001,9.0,6.193674,34.92,203.10413,18.79,3.2875636,1017.7101,996.84686,3343740.2,1714283.5,523.99994,520.2999,1392.0,870.42004,143.68507,82
2026-03-24 16:00:00+00:00,1077.0,19.505,14.255,16.51125,22.130575,14.840025,17.886503,44026.234,26506.316,5.1,5.1,13.0,7.970972,33.12,263.29,16.02,2.7556567,1034.2213,1014.73334,3387766.5,1740789.9,529.0999,525.3999,1405.0,886.44006,146.44073,83
2026-03-25 16:00:00+00:00,1077.0,17.605,13.3550005,15.611249,18.582531,13.412699,16.331545,44111.145,23332.459,5.2,5.2,21.0,6.6087217,32.760002,172.60397,12.42,2.149359,1049.8325,1031.065,3431877.8,1764122.4,534.2999,530.5999,1426.0,898.86005,148.59009,84
2026-03-26 16:00:00+00:00,1077.0,18.605,13.455,16.344582,21.138672,13.947851,17.697126,44196.246,40908.715,2.1,2.1,12.0,5.9644947,29.16,266.59354,16.76,2.9283166,1066.1771,1048.7621,3476074.0,1805031.1,536.3999,532.6999,1438.0,915.62006,151.5184,85
2026-03-27 16:00:00+00:00,1077.0,18.455,12.505,16.046667,20.33528,12.389788,17.0777,44281.492,33167.867,5.0999994,5.0999994,15.0,6.384293,27.0,310.17914,14.76,2.5777643,1082.2238,1065.8398,3520355.5,1838199.0,541.4999,537.79987,1453.0,930.38007,154.09616,86
2026-03-28 16:00:00+00:00,1077.0,19.804998,15.655,17.348751,22.624933,16.069805,18.938105,44366.824,33965.996,6.3,6.3,12.0,4.913044,28.8,221.63347,16.39,2.9581423,1099.5725,1084.778,3564722.2,1872165.0,547.79987,544.09985,1465.0,946.7701,157.0543,87
2026-03-29 16:00:00+00:00,1077.0,22.904999,12.1050005,18.323748,25.509258,11.590744,19.821972,44452.188,43200.0,1.6,1.6,5.0,6.7205353,34.56,238.50598,21.88,3.977132,1117.8962,1104.6,3609174.5,1915365.0,549.39984,545.6998,1470.0,968.6501,161.03143,88
2026-03-30 16:00:00+00:00,1077.0,22.804998,14.455,18.957083,25.998045,13.980032,20.092623,44537.53,43200.0,1.8000002,1.8000002,5.0,7.486788,45.0,239.37007,23.0,4.271321,1136.8533,1124.6926,3653712.0,1958565.0,551.1998,547.4998,1475.0,991.6501,165.30275,89
2026-03-31 16:00:00+00:00,1077.0,20.605,14.205,17.419582,23.327524,13.970119,18.387955,44622.793,38526.766,3.2000003,3.2000003,12.0,7.970972,53.28,261.07956,18.62,3.4181123,1154.2728,1143.0806,3698334.8,1997091.8,554.39984,550.6998,1487.0,1010.2701,168.72086,90
2026-04-01 16:00:00+00:00,1077.0,18.154999,13.005,15.769582,19.367382,13.280439,16.319513,44707.934,26704.947,2.0,2.0,12.0,8.490582,31.319998,137.82307,13.98,2.41229,1170.0424,1159.4,3743042.8,2023796.8,556.39984,552.6998,1499.0,1024.2501,171.13315,91
2026-04-02 16:00:00+00:00,1077.0,19.855,15.3550005,17.53625,21.607683,15.795092,18.51906,44792.875,37075.9,9.8,9.8,10.0,8.759178,52.92,200.46008,15.04,2.6097772,1187.5786,1177.9191,3787835.5,2060872.6,566.1998,562.4998,1509.0,1039.2902,173.74292,92
2026-04-03 16:00:00+00:00,1077.0,20.554998,14.655,17.509163,22.706322,14.234568,18.717428,44877.574,35707.125,31.6,31.6,13.0,9.039514,55.44,262.40543,16.24,3.0088987,1205.0878,1196.6365,3832713.0,2096579.8,597.7998,594.0998,1522.0,1055.5302,176.75182,93
2026-04-04 16:00:00+00:00,1077.0,20.455,13.655,17.529997,23.3564,13.683584,19.070631,44961.977,36906.082,22.600004,22.600004,12.0,6.1120534,33.48,203.64143,18.72,3.251995,1222.6178,1215.7072,3877675.0,2133485.8,620.3998,616.69977,1534.0,1074.2501,180.00381,94
2026-04-05 16:00:00+00:00,1077.0,22.505,15.755,18.832083,26.655117,16.519953,20.58374,45046.016,29634.242,18.8,18.8,13.0,8.473393,63.0,255.73683,15.78,2.9346082,1241.4498,1236.2909,3922721.0,2163120.0,639.19977,635.49976,1547.0,1090.0302,182.93842,95
2026-04-06 16:00:00+00:00,1077.0,22.355,14.6050005,18.065416,25.817867,14.408241,19.45388,45129.64,36178.83,3.4999998,3.4999998,11.0,9.444426,47.88,308.55585,18.32,3.4484005,1259.5153,1255.7448,3967850.8,2199298.8,642.69977,638.99976,1558.0,1108.3501,186.38681,96
2026-04-07 16:00:00+00:00,1077.0,19.205,16.555,17.761251,21.45756,18.347298,19.79835,45212.785,1131.1759,2.6999998,2.6999998,14.0,5.6521144,23.4,153.79147,5.74,1.1332456,1277.2765,1275.5431,4013063.5,2200430.0,645.3998,641.69977,1572.0,1114.0901,187.52005,97
2026-04-08 16:00:00+00:00,1077.0,24.404999,15.455,19.950834,28.721584,16.453945,22.363913,45295.395,43200.0,0.5,0.5,4.0,9.016185,32.399998,222.39734,23.63,4.35712,1297.2273,1297.907,4058359.0,2243630.0,645.8998,642.19977,1576.0,1137.7201,191.87717,98
2026-04-09 16:00:00+00:00,1077.0,25.605,15.305,20.852919,30.399311,14.4262295,22.807741,45377.406,43200.0,0.0,0.0,0.0,9.243311,36.719997,282.6398,27.05,5.295739,1318.0802,1320.7147,4103736.5,2286830.0,645.8998,642.19977,1576.0,1164.7701,197.17291,99
2026-04-10 16:00:00+00:00,1077.0,24.105,16.955,19.896666,28.372204,17.38541,22.032402,45458.758,40867.58,0.6,0.6,3.0,6.12,27.359999,201.50148,24.31,4.4632835,1337.9768,1342.7471,4149195.2,2327697.5,646.49976,642.79974,1579.0,1189.0802,201.6362,100
2026-04-11 16:00:00+00:00,1077.0,24.205,16.055,20.213331,29.0247,15.868519,22.299414,45539.4,43200.0,0.1,0.1,1.0,6.482499,28.8,216.3046,25.55,4.7629943,1358.1902,1365.0465,4194734.5,2370897.5,646.59973,642.8997,1580.0,1214.6302,206.3992,101
2026-04-12 16:00:00+00:00,1077.0,23.705,17.205,20.165415,28.278767,17.482288,22.314705,45619.81,43200.0,0.5,0.5,3.0,5.8603754,25.919998,215.02234,25.57,4.7001286,1378.3556,1387.3612,4240354.5,2414097.5,647.09973,643.3997,1583.0,1240.2002,211.09933,102
2026-04-13 16:00:00+00:00,1077.0,24.054998,16.605,20.30708,28.676853,16.764664,22.398842,45700.21,43200.0,0.4,0.4,4.0,5.991594,25.56,210.96367,25.48,4.7159185,1398.6627,1409.76,4286054.5,2457297.5,647.49976,643.79974,1587.0,1265.6802,215.81525,103
2026-04-14 16:00:00+00:00,1077.0,22.605,15.6050005,19.677917,25.635246,16.076748,21.605812,45780.566,41676.316,1.1,1.1,6.0,5.414979,25.199999,246.58391,20.53,3.8193536,1418.3406,1431.3658,4331835.0,2498973.8,648.59973,644.8997,1593.0,1286.2102,219.6346,104
2026-04-15 16:00:00+00:00,1077.0,23.355,17.105,20.04458,27.17747,18.627817,22.615095,45860.805,43200.0,7.3999996,7.3999996,7.0,4.863332,29.88,237.86272,21.55,3.9760897,1438.3851,1453.981,4377696.0,2542173.8,655.99976,652.29974,1600.0,1307.7603,223.61069,105
2026-04-16 16:00:00+00:00,1077.0,22.355,17.455,19.446665,25.550755,18.38098,21.705124,45940.88,43200.0,3.8,3.8,7.0,6.310277,29.16,188.65245,21.81,3.9499633,1457.8318,1475.686,4423637.0,2585373.8,659.79974,656.09973,1607.0,1329.5703,227.56065,106
2026-04-17 16:00:00+00:00,1077.0,23.455,15.455,18.450834,25.148067,16.426796,20.602543,46020.727,43200.0,2.3,2.3,8.0,5.426933,28.08,284.77444,22.05,3.9668555,1476.2826,1496.2886,4469657.5,2628573.8,662.09973,658.3997,1615.0,1351.6204,231.52751,107
2026-04-18 16:00:00+00:00,1077.0,20.255,14.305,17.348751,23.946033,14.671793,18.945938,46100.29,30531.83,4.5,4.5,10.0,5.4656014,32.760002,208.85551,17.23,3.044347,1493.6313,1515.2345,4515758.0,2659105.5,666.59973,662.8997,1625.0,1368.8503,234.57185,108
2026-04-19 16:00:00+00:00,1077.0,21.505,15.205,18.11125,24.831907,15.506834,19.523855,46179.508,38410.95,3.9999998,3.9999998,10.0,7.4932766,34.92,161.06923,22.39,3.9373925,1511.7426,1534.7583,4561937.5,2697516.5,670.59973,666.8997,1635.0,1391.2404,238.50925,109
2026-04-20 16:00:00+00:00,1077.0,20.955,15.955,17.850832,23.678108,17.012272,19.175495,46258.324,37939.426,9.3,9.3,16.0,9.422101,43.92,156.50504,16.62,2.8573709,1529.5934,1553.9338,4608196.0,2735456.0,679.8997,676.1997,1651.0,1407.8604,241.36662,110
2026-04-21 16:00:00+00:00,1077.0,22.605,16.255,19.529997,25.537523,17.124756,21.261293,46336.68,43330.883,1.0000001,1.0000001,8.0,6.778141,37.079998,215.69365,21.21,3.8611503,1549.1234,1575.1952,4654532.5,2778787.0,680.8997,677.1997,1659.0,1429.0703,245.22777,111
2026-04-22 16:00:00+00:00,1077.0,23.554998,13.905,19.034166,27.35398,13.93541,20.849037,46414.504,41602.984,2.3999999,2.3999999,7.0,7.579261,44.28,282.76053,21.3,4.019255,1568.1576,1596.0442,4700947.0,2820390.0,683.29974,679.59973,1666.0,1450.3704,249.24702,112
2026-04-23 16:00:00+00:00,1077.0,18.005,14.805,16.240416,19.542534,15.372023,17.519976,46491.74,4126.454,10.200001,10.200001,21.0,6.037383,45.719997,252.07193,8.36,1.5661243,1584.398,1613.5642,4747438.5,2824516.5,693.49976,689.79974,1687.0,1458.7303,250.81316,113
2026-04-24 16:00:00+00:00,1077.0,16.855,13.805,15.640418,18.069584,14.520054,16.745466,46568.316,1772.992,6.6,6.6,20.0,6.21717,39.6,166.52217,5.47,1.0904707,1600.0383,1630.3097,4794007.0,2826289.5,700.09973,696.3997,1707.0,1464.2003,251.90363,114
2026-04-25 16:00:00+00:00,1077.0,20.304998,13.905,16.888334,23.070309,14.426815,18.067083,46644.176,31352.305,4.1,4.1,10.0,7.1661706,31.319998,156.60225,19.15,3.338445,1616.9266,1648.3768,4840651.0,2857641.8,704.1997,700.4997,1717.0,1483.3503,255.24207,115
2026-04-26 16:00:00+00:00,1077.0,21.855,12.555,17.734163,25.11717,11.230861,18.67316,46719.246,32273.664,0.4,0.4,4.0,7.570707,34.92,171.74062,23.73,4.248256,1634.6608,1667.05,4887370.0,2889915.5,704.59973,700.8997,1721.0,1507.0803,259.49033,116
2026-04-27 16:00:00+00:00,1077.0,21.855,15.155,18.26958,25.158148,15.135948,19.718079,46793.46,43518.348,4.7999997,4.7999997,9.0,7.7650757,34.92,172.99883,22.73,3.9850945,1652.9303,1686.7681,4934163.5,2933433.8,709.3997,705.6997,1730.0,1529.8103,263.47543,117
2026-04-28 16:00:00+00:00,1077.0,22.554998,15.1050005,19.065416,25.92987,15.614098,20.997408,46866.754,41845.4,3.1000001,3.1000001,7.0,6.7853074,35.64,235.9029,22.0,3.993832,1671.9957,1707.7655,4981030.5,2975279.2,712.4997,708.7997,1737.0,1551.8103,267.46927,118
2026-04-29 16:00:00+00:00,1077.0,19.205,15.705,17.127918,20.94298,16.366009,18.469885,46939.055,16277.593,9.2,9.2,15.0,6.130579,46.8,210.06845,9.67,1.8352593,1689.1237,1726.2354,5027969.5,2991556.8,721.6997,717.9997,1752.0,1561.4803,269.30453,119
2026-04-30 16:00:00+00:00,1077.0,18.654999,15.555,16.802916,19.901762,16.73683,18.080372,47010.29,1844.0613,3.9,3.9,20.0,7.293888,26.28,127.02167,8.61,1.6118274,1705.9265,1744.3157,5074980.0,2993400.8,725.59973,721.8997,1772.0,1570.0903,270.91635,120
2026-05-01 16:00:00+00:00,1077.0,21.605,16.755,19.111248,25.404476,18.17167,21.258543,47080.395,27132.574,6.0,6.0,8.0,6.7565966,35.64,180.59927,16.23,2.9241495,1725.0377,1765.5742,5122060.5,3020533.2,731.59973,727.8997,1780.0,1586.3203,273.8405,121
2026-05-02 16:00:00+00:00,1077.0,24.054998,16.955,20.14458,28.681572,18.263903,22.65257,47149.816,38724.094,2.4,2.4,3.0,7.040739,33.12,247.12907,20.77,3.9439957,1745.1823,1788.2268,5169210.5,3059257.2,733.99976,730.29974,1783.0,1607.0903,277.78452,122
2026-05-03 16:00:00+00:00,1077.0,17.605,13.755,15.957085,18.810884,14.555582,16.98821,47218.777,7353.3784,10.6,10.6,15.0,5.6835546,31.319998,51.143215,7.31,1.4048046,1761.1393,1805.215,5216429.5,3066610.8,744.59973,740.8997,1798.0,1614.4004,279.18933,123
2026-05-04 16:00:00+00:00,1077.0,17.455,13.955,16.213335,19.73486,14.895294,17.829897,47287.215,227.14714,29.7,29.7,24.0,4.6834598,30.960001,165.33974,3.36,0.76891994,1777.3527,1823.0449,5263716.5,3066838.0,774.29974,770.59973,1822.0,1617.7604,279.95825,124
2026-05-05 16:00:00+00:00,1077.0,21.304998,14.555,18.248749,24.057802,15.183935,20.173018,47355.08,39482.434,5.7,5.7,17.0,5.4744864,30.239998,191.14284,18.8,3.3973203,1795.6014,1843.2179,5311071.5,3106320.5,779.99976,776.29974,1839.0,1636.5604,283.35556,125
2026-05-06 16:00:00+00:00,1077.0,22.605,16.305,19.511248,26.120913,17.069548,21.821991,47422.297,40311.49,3.2,3.2,9.0,6.66,27.359999,196.76263,22.55,4.1005993,1815.1127,1865.0399,5358494.0,3146632.0,783.19977,779.49976,1848.0,1659.1105,287.45615,126
2026-05-07 16:00:00+00:00,1077.0,24.105,17.305,19.017498,26.632378,18.75059,21.160093,47488.812,30692.646,10.200002,10.200002,14.0,6.130579,24.84,47.838894,16.13,2.9786327,1834.1301,1886.2,5405983.0,3177324.8,793.3998,789.69977,1862.0,1675.2405,290.43478,127
2026-05-08 16:00:00+00:00,1077.0,19.404999,16.555,17.617498,21.102188,18.214083,19.30295,47554.57,12150.291,2.3,2.3,10.0,7.970972,24.119999,60.51436,10.27,1.8702403,1851.7477,1905.5029,5453537.5,3189475.0,795.69977,791.99976,1872.0,1685.5105,292.30502,128
2026-05-09 16:00:00+00:00,1077.0,21.505,16.805,18.952917,24.43527,18.78505,21.42585,47619.496,23460.486,21.300001,21.300001,12.0,5.8631387,35.64,170.69637,12.87,2.3651383,1870.7006,1926.9288,5501157.0,3212935.5,816.99976,813.29974,1884.0,1698.3805,294.67017,129
2026-05-10 16:00:00+00:00,1077.0,23.304998,18.054998,20.169582,28.493385,19.67929,22.939943,47683.535,41403.14,2.4999998,2.4999998,11.0,5.426933,29.88,211.79884,21.6,3.9994843,1890.8701,1949.8688,5548840.5,3254338.8,819.49976,815.79974,1895.0,1719.9805,298.66965,130
2026-05-11 16:00:00+00:00,1077.0,21.804998,17.255,19.3425,24.892523,19.028141,21.819628,47746.625,18227.932,8.1,8.1,20.0,4.5,30.960001,198.7053,12.95,2.4554038,1910.2126,1971.6884,5596587.0,3272566.8,827.59973,823.8997,1915.0,1732.9304,301.12506,131
2026-05-12 16:00:00+00:00,1077.0,20.755,17.005,18.886248,23.654818,18.640991,21.422033,47808.688,1380.8329,8.2,8.2,20.0,4.2021422,27.0,206.26659,7.92,1.5951587,1929.0989,1993.1104,5644395.5,3273947.5,835.79974,832.09973,1935.0,1740.8505,302.7202,132
2026-05-13 16:00:00+00:00,1077.0,20.054998,17.404999,18.563334,23.156643,19.632837,21.214556,47869.664,6716.7705,13.500002,13.500002,22.0,4.5322843,34.92,206.31258,8.47,1.646833,1947.6622,2014.325,5692265.0,3280664.2,849.29974,845.59973,1957.0,1749.3204,304.36703,133
2026-05-14 16:00:00+00:00,1077.0,19.605,15.3550005,17.538334,22.167494,16.579298,19.535963,47929.49,14563.318,31.0,31.0,16.0,9.179999,31.319998,81.3476,7.35,1.3385333,1965.2006,2033.861,5740194.5,3295227.5,880.29974,876.59973,1973.0,1756.6704,305.70557,134
2026-05-15 16:00:00+00:00,1077.0,20.355,16.455,17.44875,22.490683,18.181246,19.18994,47988.086,8012.382,10.8,10.8,24.0,7.6367526,33.12,98.98416,7.77,1.477914,1982.6493,2053.0508,5788182.5,3303240.0,891.09973,887.3997,1997.0,1764.4404,307.18347,135
2026-05-16 16:00:00+00:00,1077.0,20.404999,15.955,18.032084,23.316574,17.712736,19.646425,48045.395,22533.688,3.8999999,3.8999999,16.0,9.227524,38.88,120.13051,15.11,2.6689217,2000.6814,2072.6973,5836228.0,3325773.8,894.99976,891.29974,2013.0,1779.5504,309.8524,136
2026-05-17 16:00:00+00:00,1077.0,21.605,15.6050005,18.919584,24.69945,16.873222,20.916538,48101.34,38084.0,2.6,2.6,8.0,7.4672885,33.12,135.89357,20.96,3.7326567,2019.601,2093.6138,5884329.5,3363857.8,897.59973,893.8997,2021.0,1800.5104,313.58505,137
2026-05-18 16:00:00+00:00,1077.0,22.855,16.605,19.959166,26.258423,17.99864,22.447992,48155.85,45388.21,3.0000002,3.0000002,7.0,6.279395,30.960001,164.96208,21.45,3.8877475,2039.56,2116.0618,5932485.5,3409246.0,900.59973,896.8997,2028.0,1821.9603,317.4728,138
2026-05-19 16:00:00+00:00,1077.0,24.455,17.154999,20.850832,29.215874,18.71148,23.686417,48208.855,43016.71,1.2,1.2,6.0,6.623413,29.16,193.60057,23.94,4.4675393,2060.411,2139.7483,5980694.5,3452262.8,901.79974,898.09973,2034.0,1845.9003,321.94034,139
2026-05-20 16:00:00+00:00,1077.0,24.154999,18.355,21.132082,29.358677,19.960283,24.300095,48260.28,34356.266,13.1,13.1,8.0,5.315336,27.359999,229.20062,19.95,3.7448435,2081.543,2164.0483,6028955.0,3486619.0,914.8997,911.1997,2042.0,1865.8502,325.68518,140
2026-05-21 16:00:00+00:00,1077.0,24.255,19.904999,21.798752,28.462746,21.727558,24.845062,48310.07,30894.248,3.5999997,3.5999997,13.0,6.130579,28.44,252.06702,16.39,3.2676213,2103.3418,2188.8933,6077265.0,3517513.2,918.4997,914.7997,2055.0,1882.2402,328.9528,141
2026-05-22 16:00:00+00:00,1077.0,25.455,20.154999,22.175829,30.44728,21.576788,25.426811,48358.55,35231.375,3.8999999,3.8999999,3.0,7.029225,29.88,268.3003,17.78,3.5481336,2125.5176,2214.32,6125623.5,3552744.5,922.3997,918.6997,2058.0,1900.0203,332.50092,142
2026-05-23 16:00:00+00:00,1077.0,26.105,20.904999,22.97583,31.892124,21.882477,26.244192,48405.9,46136.28,0.3,0.3,3.0,6.28713,24.48,232.79202,25.98,5.057716,2148.4934,2240.5642,6174029.5,3598880.8,922.6997,918.9997,2061.0,1926.0002,337.55862,143
2026-05-24 16:00:00+00:00,1077.0,27.054998,19.105,23.21958,32.886456,20.016447,26.571335,48452.066,46599.83,0.1,0.1,1.0,6.4323244,27.0,260.3043,28.13,5.5563087,2171.713,2267.1355,6222481.5,3645480.5,922.7997,919.0997,2062.0,1954.1302,343.11493,144
2026-05-25 16:00:00+00:00,1077.0,27.404999,18.304998,23.648748,32.635353,19.022701,26.632383,48497.008,46110.676,0.0,0.0,0.0,6.6794305,25.919998,271.55856,27.26,5.534879,2195.3616,2293.7678,6270978.5,3691591.2,922.7997,919.0997,2062.0,1981.3903,348.6498,145
2026-05-26 16:00:00+00:00,1077.0,27.455,20.455,24.029997,32.935654,21.66794,27.39503,48540.684,45931.566,0.6,0.6,4.0,7.208994,23.039999,285.66205,25.84,5.216384,2219.3916,2321.1628,6319519.0,3737522.8,923.39966,919.69965,2066.0,2007.2302,353.86618,146
2026-05-27 16:00:00+00:00,1077.0,26.054998,20.355,23.536247,31.475918,23.15358,27.23395,48583.035,46197.87,10.3,10.3,13.0,7.208994,30.239998,115.942024,21.21,4.161516,2242.9277,2348.3967,6368102.0,3783720.5,933.69965,929.99963,2079.0,2028.4402,358.0277,147
2026-05-28 16:00:00+00:00,1077.0,25.154999,19.105,21.873749,31.453629,21.836191,25.74706,48624.035,28012.232,29.200003,29.200003,14.0,6.638072,34.56,19.96149,16.95,3.252154,2264.8015,2374.1438,6416726.0,3811732.8,962.89966,959.19965,2093.0,2045.3901,361.27988,148
2026-05-29 16:00:00+00:00,1077.0,23.654999,18.654999,20.486246,27.252665,20.831606,23.350084,48663.625,28248.969,25.4,25.4,13.0,9.3876505,44.28,51.34024,17.99,3.339198,2285.2878,2397.494,6465389.5,3839981.8,988.2997,984.5997,2106.0,2063.3801,364.61908,149
2026-05-30 16:00:00+00:00,1077.0,24.205,17.855,20.988333,28.339886,19.38202,23.33415,48701.758,46602.95,0.1,0.1,1.0,7.995323,38.88,7.6024833,25.52,4.7392125,2306.2761,2420.8281,6514091.5,3886584.8,988.39966,984.69965,2107.0,2088.9001,369.3583,150
2026-05-31 16:00:00+00:00,1077.0,25.205,18.904999,21.813332,29.958603,19.874506,24.549126,48738.39,46240.297,3.2,3.2,10.0,6.439876,27.0,268.22842,22.14,4.3263726,2328.0894,2445.3772,6562830.0,3932825.0,991.5997,987.89966,2117.0,2111.04,373.6847,151
2026-06-01 16:00:00+00:00,1077.0,24.505,18.755,21.473747,29.125446,20.96278,24.758497,48773.473,44552.74,4.1,4.1,8.0,6.6794305,29.16,155.85448,22.32,4.151344,2349.563,2470.1357,6611603.5,3977377.8,995.69965,991.99963,2125.0,2133.36,377.83603,152
2026-06-02 16:00:00+00:00,1077.0,25.255,18.804998,22.109167,30.83736,20.95511,25.542013,48806.965,37375.26,2.8999999,2.8999999,9.0,6.198903,30.599998,176.34079,20.33,3.9057345,2371.672,2495.6777,6660410.5,4014753.0,998.5997,994.89966,2134.0,2153.6902,381.74176,153
2026-06-03 16:00:00+00:00,1077.0,25.455,19.904999,22.452919,30.860172,22.752445,26.440308,48838.816,28234.22,27.399998,27.399998,14.0,6.341009,27.0,237.6002,17.67,3.4619386,2394.125,2522.1182,6709249.5,4042987.2,1025.9996,1022.2997,2148.0,2171.36,385.2037,154
2026-06-04 16:00:00+00:00,1077.0,23.904999,20.455,21.715416,28.372864,23.991634,25.731005,48868.98,9391.716,42.7,42.7,23.0,6.4799995,32.039997,80.04938,8.41,1.6918659,2415.8403,2547.849,6758118.5,4052379.0,1068.6996,1064.9996,2171.0,2179.77,386.89557,155
2026-06-05 16:00:00+00:00,1077.0,25.355,19.755,21.936249,31.33337,22.57117,25.64834,48897.402,27296.303,14.299999,14.299999,12.0,5.3517847,33.839996,233.65858,16.15,3.1428597,2437.7766,2573.4976,6807016.0,4079675.2,1082.9996,1079.2997,2183.0,2195.92,390.03842,156
2026-06-06 16:00:00+00:00,1077.0,24.205,19.955,21.882082,28.993774,22.194967,25.529615,48924.05,34695.945,15.9,15.9,11.0,5.95906,29.16,162.51198,18.96,3.5989146,2459.6587,2599.027,6855940.0,4114371.2,1098.8997,1095.1997,2194.0,2214.88,393.63733,157
2026-06-07 16:00:00+00:00,1077.0,23.904999,19.455,21.5675,28.157116,22.505753,25.367197,48948.867,26668.46,43.1,43.1,19.0,5.5887027,27.0,130.75435,11.62,2.287367,2481.226,2624.3943,6904889.0,4141039.8,1141.9996,1138.2997,2213.0,2226.5,395.92468,158
2026-06-08 16:00:00+00:00,1077.0,22.304998,20.205,21.063332,26.633902,23.913193,24.964897,48971.82,1028.6481,67.200005,67.200005,24.0,5.5829024,42.48,358.33975,4.98,1.0962023,2502.2893,2649.3591,6953861.0,4142068.5,1209.1996,1205.4996,2237.0,2231.48,397.02087,159
2026-06-09 16:00:00+00:00,1077.0,21.404999,19.105,20.13208,25.233755,22.13324,23.454689,48992.85,928.5292,42.5,42.5,24.0,3.9477081,43.199997,29.001629,4.06,0.9555727,2522.4214,2672.8137,7002854.0,4142997.0,1251.6996,1247.9996,2261.0,2235.54,397.97644,160
2026-06-10 16:00:00+00:00,1077.0,21.955,19.054998,20.07583,25.840929,22.143013,23.129456,49011.918,1281.9591,10.299999,10.299999,24.0,7.5685663,33.48,102.18965,7.53,1.5148774,2542.4973,2695.943,7051866.0,4144279.0,1261.9996,1258.2997,2285.0,2243.07,399.49133,161
2026-06-11 16:00:00+00:00,1077.0,23.205,18.955,20.436249,27.364023,22.051378,23.882072,49029.15,9537.25,23.800001,23.800001,21.0,5.637765,35.64,67.422905,9.66,1.8768235,2562.9336,2719.8252,7100895.0,4153816.2,1285.7997,1282.0997,2306.0,2252.73,401.36816,162
2026-06-12 16:00:00+00:00,1077.0,22.855,18.855,20.711248,27.065355,21.244848,24.131577,49044.613,27294.568,13.9,13.9,12.0,5.2478566,33.12,309.17365,17.09,3.2303104,2583.6448,2743.9568,7149939.5,4181110.8,1299.6997,1295.9998,2318.0,2269.82,404.59848,163
2026-06-13 16:00:00+00:00,1077.0,22.804998,17.904999,20.644583,26.608932,19.781092,23.678991,49058.305,3300.9668,21.1,21.1,15.0,6.601363,48.239998,249.02823,8.68,1.7546017,2604.2893,2767.6357,7198998.0,4184411.8,1320.7997,1317.0997,2333.0,2278.5,406.3531,164
2026-06-14 16:00:00+00:00,1077.0,24.154999,19.154999,20.721666,27.944153,21.114029,23.873322,49070.227,1496.8596,23.3,23.3,24.0,7.2022495,37.8,251.05011,6.67,1.4351304,2625.011,2791.509,7248068.0,4185908.5,1344.0997,1340.3998,2357.0,2285.17,407.7882,165
2026-06-15 16:00:00+00:00,1077.0,22.654999,19.005,20.794584,26.574888,21.28672,24.177988,49080.363,8368.62,13.3,13.3,18.0,5.4477882,38.16,280.08536,7.25,1.5091269,2645.8057,2815.687,7297148.5,4194277.0,1357.3998,1353.6998,2375.0,2292.42,409.29733,166
2026-06-16 16:00:00+00:00,1077.0,24.355,18.404999,21.821663,28.661957,20.54841,25.391914,49088.723,33554.24,11.3,11.3,9.0,5.5887027,29.519999,263.7966,15.69,3.0989826,2667.6274,2841.0789,7346237.0,4227831.0,1368.6998,1364.9999,2384.0,2308.1099,412.3963,167
2026-06-17 16:00:00+00:00,1077.0,25.304998,18.705,21.729996,31.08685,20.849722,25.401926,49095.297,23140.506,20.900002,20.900002,7.0,6.7565966,33.48,230.25574,16.9,3.2542732,2689.3574,2866.4807,7395332.5,4250971.5,1389.5999,1385.8999,2391.0,2325.0098,415.65057,168
2026-06-18 16:00:00+00:00,1077.0,25.654999,16.154999,21.673746,30.974041,17.182642,25.232504,49100.094,44221.88,4.7000003,4.7000003,9.0,6.048107,29.16,218.03333,23.89,4.5297456,2711.0312,2891.7131,7444432.5,4295193.5,1394.2998,1390.5999,2400.0,2348.8997,420.18033,169
2026-06-19 16:00:00+00:00,1077.0,25.904999,19.205,22.47375,32.04117,20.197878,25.938766,49103.11,47488.055,0.8,0.8,4.0,6.122647,28.44,229.11012,26.5,5.101935,2733.505,2917.6519,7493535.5,4342681.5,1395.0999,1391.3999,2404.0,2375.3997,425.28226,170
2026-06-20 16:00:00+00:00,1077.0,26.105,18.554998,22.688334,31.954002,19.965733,26.35327,49104.336,47191.03,1.1000001,1.1000001,8.0,6.763786,26.64,164.68715,26.89,5.1483145,2756.193,2944.0051,7542640.0,4389872.5,1396.1998,1392.4999,2412.0,2402.2896,430.43057,171
2026-06-21 16:00:00+00:00,1077.0,26.404999,19.755,23.029997,32.328278,22.315943,27.097788,49103.78,43232.74,1.7,1.7,6.0,7.3469996,28.8,180.89865,25.75,4.930555,2779.2231,2971.103,7591744.0,4433105.0,1397.8998,1394.1998,2418.0,2428.0396,435.3611,172
2026-06-22 16:00:00+00:00,1077.0,26.105,19.955,23.002916,31.944347,22.22199,26.925837,49101.445,44609.598,1.9,1.9,8.0,6.5248446,30.239998,133.11772,25.82,4.9523168,2802.226,2998.0288,7640845.5,4477714.5,1399.7998,1396.0999,2426.0,2453.8596,440.31345,173
2026-06-23 16:00:00+00:00,1077.0,25.404999,18.855,22.58625,30.1567,21.575975,26.276278,49097.332,46297.53,1.3000001,1.3000001,8.0,7.5363917,33.839996,20.332699,24.22,4.570411,2824.8123,3024.3052,7689943.0,4524012.0,1401.0999,1397.3999,2434.0,2478.0796,444.88385,174
2026-06-24 16:00:00+00:00,1077.0,26.054998,19.255,22.47375,32.384876,21.254477,26.235445,49091.438,42871.82,6.7999997,6.7999997,12.0,6.601363,34.2,286.1893,21.78,4.2720976,2847.286,3050.5405,7739034.5,4566884.0,1407.8999,1404.2,2446.0,2499.8596,449.15594,175
2026-06-25 16:00:00+00:00,1077.0,22.554998,19.904999,21.073748,27.46833,22.777002,24.988474,49083.78,3418.0156,19.6,19.6,19.0,4.6277857,25.56,251.83391,5.45,1.2127697,2868.3596,3075.529,7788118.5,4570302.0,1427.4999,1423.7999,2465.0,2505.3096,450.3687,176
2026-06-26 16:00:00+00:00,1077.0,23.205,19.755,21.098745,28.1638,22.835545,24.896646,49074.34,0.0,12.599999,12.599999,23.0,4.175069,25.919998,238.73633,7.8,1.6284002,2889.4583,3100.4258,7837193.0,4570302.0,1440.0999,1436.3999,2488.0,2513.1096,451.9971,177
2026-06-27 16:00:00+00:00,1077.0,24.804998,19.955,22.142502,30.083977,22.644411,26.02989,49063.14,33900.09,10.5,10.5,12.0,5.876938,32.039997,185.68788,18.0,3.4547935,2911.6008,3126.4556,7886256.0,4604202.0,1450.5999,1446.8999,2500.0,2531.1096,455.4519,178
2026-06-28 16:00:00+00:00,1077.0,24.955,20.755,22.590418,30.433388,23.948376,26.411127,49050.184,38442.24,2.2000003,2.2000003,8.0,8.891343,39.96,172.12614,21.27,3.9871721,2934.1912,3152.8667,7935306.0,4642644.0,1452.7998,1449.0999,2508.0,2552.3796,459.4391,179
2026-06-29 16:00:00+00:00,1077.0,25.255,20.054998,22.5675,30.202168,22.871387,26.189047,49035.473,35198.016,6.1999993,6.1999993,8.0,8.461915,34.56,173.2746,21.15,4.0056515,2956.7585,3179.0557,7984341.5,4677842.0,1458.9998,1455.2998,2516.0,2573.5295,463.44473,180
2026-06-30 16:00:00+00:00,1077.0,25.855,19.804998,23.03,31.30767,22.447887,26.966955,49019.01,46602.625,0.70000005,0.70000005,4.0,9.039514,39.239998,181.11354,26.16,4.9110336,2979.7886,3206.0227,8033360.5,4724444.5,1459.6997,1455.9998,2520.0,2599.6895,468.35577,181
2026-07-01 16:00:00+00:00,1077.0,26.304998,20.105,23.092499,31.961166,22.772026,27.023447,49000.645,46680.848,0.4,0.4,2.0,7.9077177,37.8,171.01314,27.24,5.148821,3002.881,3233.0461,8082361.0,4771125.5,1460.0997,1456.3998,2522.0,2626.9294,473.5046,182
2026-07-02 16:00:00+00:00,1077.0,26.105,19.855,22.996666,31.644207,22.39683,26.825905,48980.324,46659.38,0.7,0.7,5.0,8.790563,37.8,164.34158,27.39,5.1560426,3025.8777,3259.872,8131341.5,4817785.0,1460.7997,1457.0997,2527.0,2654.3193,478.66064,183
2026-07-03 16:00:00+00:00,1077.0,25.654999,20.005,22.969584,31.213585,23.202011,26.917913,48958.094,45965.027,1.0,1.0,7.0,7.256032,30.960001,170.85303,25.37,4.8052177,3048.8472,3286.79,8180299.5,4863750.0,1461.7997,1458.0997,2534.0,2679.6895,483.46585,184
2026-07-04 16:00:00+00:00,1077.0,25.554998,20.455,22.907084,30.82679,23.287546,26.793396,48934.0,46353.445,1.1,1.1,7.0,7.1684303,31.319998,164.62369,24.56,4.659247,3071.7542,3313.5835,8229233.5,4910103.5,1462.8997,1459.1997,2541.0,2704.2495,488.1251,185
2026-07-05 16:00:00+00:00,1077.0,25.804998,19.804998,22.817503,31.582104,22.60725,26.744146,48908.09,41556.242,1.0,1.0,8.0,7.029225,32.039997,164.77351,26.03,4.9485807,3094.5715,3340.3276,8278141.5,4951659.5,1463.8997,1460.1997,2549.0,2730.2795,493.07367,186
2026-07-06 16:00:00+00:00,1077.0,25.505,19.605,22.555,30.87304,22.242847,26.4504,48880.414,47321.8,1.9,1.9,7.0,6.7397914,29.88,172.66148,23.79,4.4947495,3117.1265,3366.778,8327022.0,4998981.5,1465.7997,1462.0997,2556.0,2754.0696,497.56842,187
2026-07-07 16:00:00+00:00,1077.0,25.904999,18.955,22.577917,31.529293,21.537317,26.531721,48851.02,46545.637,2.5,2.5,9.0,7.7588143,34.2,84.203125,24.56,4.6622934,3139.7043,3393.3098,8375873.0,5045527.0,1468.2997,1464.5997,2565.0,2778.6296,502.2307,188
2026-07-08 16:00:00+00:00,1077.0,26.154999,17.705,22.613329,30.781803,19.131804,25.433496,48819.957,48340.535,0.0,0.0,0.0,9.734988,46.8,28.090631,29.71,5.639367,3162.3176,3418.7434,8424693.0,5093867.5,1468.2997,1464.5997,2565.0,2808.3396,507.8701,189
2026-07-09 16:00:00+00:00,1077.0,24.255,20.455,21.996668,27.183111,22.57201,24.249702,48787.27,37907.773,24.399998,24.399998,16.0,13.577776,106.56,356.8979,17.84,3.381177,3184.3142,3442.9932,8473480.0,5131775.5,1492.6997,1488.9998,2581.0,2826.1797,511.25125,190
2026-07-10 16:00:00+00:00,1077.0,25.304998,20.404999,22.340414,30.131062,22.670666,26.162859,48753.004,1198.927,102.49999,102.49999,24.0,9.96524,92.52,290.61908,6.48,1.3965394,3206.6545,3469.156,8522233.0,5132974.5,1595.1997,1591.4998,2605.0,2832.6597,512.64777,191
2026-07-11 16:00:00+00:00,1077.0,25.654999,20.654999,22.877916,30.782112,23.427395,26.878304,48717.22,21332.84,13.000001,13.000001,17.0,7.8728137,48.239998,211.28511,11.76,2.352709,3229.5325,3496.0344,8570950.0,5154307.5,1608.1997,1604.4998,2622.0,2844.4197,515.0005,192
2026-07-12 16:00:00+00:00,1077.0,25.255,21.205,23.025833,30.583138,24.597572,26.944078,48679.95,45615.1,2.5,2.5,8.0,9.432412,40.32,167.24246,22.97,4.2540874,3252.5583,3522.9785,8619630.0,5199922.5,1610.6997,1606.9998,2630.0,2867.3896,519.2546,193
2026-07-13 16:00:00+00:00,1077.0,25.505,20.654999,23.134165,30.747524,23.8971,27.331305,48641.25,41444.883,7.8999996,7.8999996,9.0,8.55142,39.96,167.81137,19.89,3.7523186,3275.6926,3550.3098,8668271.0,5241367.5,1618.5997,1614.8998,2639.0,2887.2795,523.0069,194
2026-07-14 16:00:00+00:00,1077.0,25.855,19.505,22.85708,32.198643,22.624315,27.421427,48601.17,39418.76,7.8999996,7.8999996,10.0,5.8104043,29.88,115.641045,19.74,3.8033013,3298.5498,3577.7312,8716872.0,5280786.5,1626.4998,1622.7998,2649.0,2907.0195,526.8102,195
2026-07-15 16:00:00+00:00,1077.0,26.355,21.005,23.275833,32.89136,24.059635,27.802965,48559.754,39470.55,29.800001,29.800001,9.0,7.3799996,33.48,54.29319,18.87,3.6107767,3321.8257,3605.5342,8765432.0,5320257.0,1656.2998,1652.5999,2658.0,2925.8896,530.42096,196
2026-07-16 16:00:00+00:00,1077.0,25.705,20.355,23.021662,32.292976,23.199663,27.185102,48517.055,35616.008,12.099999,12.099999,9.0,6.8423676,32.039997,235.7839,19.52,3.755744,3344.8474,3632.7192,8813949.0,5355873.0,1668.3998,1664.6998,2667.0,2945.4097,534.1767,197
2026-07-17 16:00:00+00:00,1077.0,25.255,20.855,22.790419,31.063622,23.672495,26.727243,48473.11,29192.549,26.5,26.5,14.0,8.11798,31.68,287.6126,17.8,3.4294145,3367.638,3659.4465,8862422.0,5385065.5,1694.8998,1691.1998,2681.0,2963.2097,537.60614,198
2026-07-18 16:00:00+00:00,1077.0,25.255,20.054998,22.667498,31.736137,23.050453,26.667109,48427.973,37072.293,10.2,10.2,12.0,5.896202,34.56,206.16147,19.23,3.7232983,3390.3054,3686.1135,8910850.0,5422138.0,1705.0997,1701.3998,2693.0,2982.4397,541.32947,199
2026-07-19 16:00:00+00:00,1077.0,24.755,19.205,22.14875,30.307518,21.881641,26.074615,48381.688,37257.555,17.400002,17.400002,15.0,5.8048253,27.72,172.09291,19.49,3.718167,3412.454,3712.1882,8959232.0,5459395.5,1722.4998,1718.7998,2708.0,3001.9297,545.0476,200
2026-07-20 16:00:00+00:00,1077.0,25.705,18.605,22.102915,32.19091,20.901335,26.070795,48334.3,28570.389,25.4,25.4,13.0,7.102591,30.960001,126.86999,18.28,3.5173213,3434.5571,3738.259,9007566.0,5487966.0,1747.8998,1744.1998,2721.0,3020.2097,548.56494,201
2026-07-21 16:00:00+00:00,1077.0,25.654999,19.054998,22.502914,31.959957,21.658749,26.662397,48285.45,34436.844,8.7,8.7,11.0,6.1569467,31.68,136.84761,18.32,3.5064902,3457.06,3764.9214,9055851.0,5522403.0,1756.5997,1752.8998,2732.0,3038.5298,552.0714,202
2026-07-22 16:00:00+00:00,1077.0,25.554998,18.755,22.384165,31.332165,21.22298,26.170553,48234.977,45772.83,2.1000001,2.1000001,11.0,6.898956,33.48,131.1626,25.23,4.7493267,3479.4443,3791.092,9104086.0,5568176.0,1758.6997,1754.9998,2743.0,3063.7598,556.82074,203
2026-07-23 16:00:00+00:00,1077.0,25.605,19.304998,22.396667,30.035927,21.534893,25.18221,48182.96,44373.953,0.5,0.5,5.0,10.685391,46.8,157.35631,24.18,4.580363,3501.841,3816.2742,9152269.0,5612550.0,1759.1997,1755.4998,2748.0,3087.9397,561.4011,204
2026-07-24 16:00:00+00:00,1077.0,24.505,20.605,22.196665,26.98917,23.137726,24.798307,48129.48,34514.28,3.9,3.9,16.0,12.601285,56.88,172.04929,17.01,3.2864492,3524.0378,3841.0725,9200398.0,5647064.5,1763.0997,1759.3998,2764.0,3104.9497,564.68756,205
2026-07-25 16:00:00+00:00,1077.0,25.205,21.205,22.744585,29.275826,23.419374,25.490606,48074.59,40574.984,0.0,0.0,0.0,9.9408245,51.12,162.71843,21.76,4.213168,3546.7825,3866.5632,9248473.0,5687639.5,1763.0997,1759.3998,2764.0,3126.7097,568.90076,206
2026-07-26 16:00:00+00:00,1077.0,24.505,20.955,22.144579,28.957314,23.312235,25.20011,48018.375,23764.682,1.8,1.8,5.0,9.109138,45.719997,165.05853,16.25,3.1172318,3568.927,3891.7634,9296491.0,5711404.0,1764.8998,1761.1998,2769.0,3142.9597,572.018,207
2026-07-27 16:00:00+00:00,1077.0,24.804998,20.255,22.373749,28.705235,22.880013,25.633097,47960.89,33822.58,1.0,1.0,7.0,9.037721,38.88,160.92577,20.93,3.9714904,3591.3008,3917.3965,9344452.0,5745226.5,1765.8998,1762.1998,2776.0,3163.8896,575.9895,208
2026-07-28 16:00:00+00:00,1077.0,25.205,19.605,22.29458,30.824406,22.50489,25.988867,47902.22,24205.066,4.8999996,4.8999996,6.0,6.8919086,35.64,168.95587,16.53,3.1890614,3613.5955,3943.3853,9392354.0,5769431.5,1770.7998,1767.0999,2782.0,3180.4197,579.1786,209
2026-07-29 16:00:00+00:00,1077.0,24.554998,20.605,22.498749,27.84581,23.911053,26.023329,47842.414,15826.396,3.6,3.6,5.0,5.2478566,23.759998,182.00562,12.03,2.4436908,3636.0942,3969.4087,9440196.0,5785258.0,1774.3998,1770.6998,2787.0,3192.4497,581.62225,210
2026-07-30 16:00:00+00:00,1077.0,24.455,20.105,22.43,28.472534,22.80342,25.88259,47781.555,36396.574,6.1000004,6.1000004,5.0,4.896529,24.119999,190.30478,16.5,3.2242174,3658.5242,3995.2913,9487978.0,5821654.5,1780.4998,1776.7998,2792.0,3208.9497,584.8465,211
2026-07-31 16:00:00+00:00,1077.0,25.255,20.154999,22.690416,30.02864,23.23567,26.148994,47719.69,38769.887,4.5,4.5,5.0,5.637765,29.16,139.19319,21.88,4.205483,3681.2146,4021.4402,9535698.0,5860424.5,1784.9998,1781.2998,2797.0,3230.8296,589.052,212
2026-08-01 16:00:00+00:00,1077.0,25.455,20.554998,22.857084,30.780132,23.701468,26.538437,47656.906,40574.395,1.2,1.2,6.0,8.209263,36.0,132.34927,23.83,4.503015,3704.0718,4047.9785,9583355.0,5900999.0,1786.1997,1782.4998,2803.0,3254.6597,593.555,213
2026-08-02 16:00:00+00:00,1077.0,25.205,20.804998,22.596664,29.225334,24.09186,26.063051,47593.254,31720.154,0.6,0.6,4.0,7.9465466,32.039997,118.6104,16.62,3.2326303,3726.6685,4074.0415,9630948.0,5932719.0,1786.7997,1783.0997,2807.0,3271.2798,596.7876,214
2026-08-03 16:00:00+00:00,1077.0,25.404999,20.804998,22.679998,30.595695,23.758686,26.463522,47528.797,43386.625,0.6,0.6,6.0,8.581677,38.88,99.38408,25.65,4.7679415,3749.3484,4100.505,9678477.0,5976105.5,1787.3997,1783.6997,2813.0,3296.9297,601.55554,215
2026-08-04 16:00:00+00:00,1077.0,26.054998,19.005,22.805,31.565762,21.149239,26.299652,47463.6,40749.535,2.1999998,2.1999998,9.0,7.2202215,36.0,61.968956,24.87,4.752104,3772.1533,4126.8047,9725941.0,6016855.0,1789.5996,1785.8997,2822.0,3321.7998,606.3076,216
2026-08-05 16:00:00+00:00,1077.0,26.054998,19.255,22.984167,31.27628,21.521856,26.481081,47397.723,43831.734,1.7,1.7,7.0,8.958504,39.239998,9.973597,24.36,4.664331,3795.1375,4153.2856,9773339.0,6060686.5,1791.2996,1787.5996,2829.0,3346.16,610.9719,217
2026-08-06 16:00:00+00:00,1077.0,26.804998,20.054998,23.57583,31.744663,22.433104,26.929497,47331.227,44001.117,2.0,2.0,7.0,7.823272,38.16,321.72098,24.29,4.860091,3818.7134,4180.2153,9820670.0,6104687.5,1793.2996,1789.5996,2836.0,3370.45,615.83203,218
2026-08-07 16:00:00+00:00,1077.0,26.355,21.404999,23.434164,31.245823,23.84685,26.527313,47264.164,35466.832,3.8,3.8,17.0,7.689603,43.199997,294.2744,18.68,3.8789105,3842.1475,4206.7427,9867934.0,6140154.5,1797.0996,1793.3997,2853.0,3389.13,619.71094,219
2026-08-08 16:00:00+00:00,1077.0,23.355,20.404999,21.534164,27.919655,23.185774,25.228262,47196.605,0.0,20.6,20.6,20.0,8.163749,61.56,261.41644,4.6,1.0350564,3863.6816,4231.9707,9915131.0,6140154.5,1817.6996,1813.9996,2873.0,3393.73,620.746,220
2026-08-09 16:00:00+00:00,1077.0,25.755,20.904999,23.267496,31.380295,23.854654,27.754808,47128.59,28305.191,20.499998,20.499998,18.0,6.1437774,33.12,304.47928,13.61,2.7622108,3886.9492,4259.7256,9962260.0,6168459.5,1838.1996,1834.4996,2891.0,3407.34,623.5082,221
2026-08-10 16:00:00+00:00,1077.0,25.455,20.554998,23.04875,30.593845,23.688005,27.126463,47059.68,37356.4,1.1,1.1,7.0,5.2478566,24.84,207.78383,18.5,3.628158,3909.998,4286.852,10009320.0,6205816.0,1839.2996,1835.5996,2898.0,3425.84,627.13635,222
2026-08-11 16:00:00+00:00,1077.0,25.455,20.904999,23.013329,30.93359,23.628397,26.805717,46989.668,40584.688,1.5000001,1.5000001,8.0,6.689125,25.199999,158.67667,23.07,4.4122763,3933.0115,4313.6577,10056310.0,6246400.5,1840.7996,1837.0996,2906.0,3448.9102,631.54865,223
2026-08-12 16:00:00+00:00,1077.0,30.955,18.355,22.613333,35.084595,20.639797,26.307465,46918.633,33277.47,3.2999997,3.2999997,10.0,5.7628117,25.56,19.604204,19.52,3.863081,3955.6248,4339.9653,10103229.0,6279678.0,1844.0996,1840.3997,2916.0,3468.4302,635.41174,224
2026-08-13 16:00:00+00:00,1077.0,25.355,19.205,22.486252,31.13324,21.899982,26.332193,46846.633,37330.406,4.5000005,4.5000005,10.0,5.815978,26.64,173.65996,19.59,3.7605293,3978.111,4366.2974,10150076.0,6317008.5,1848.5996,1844.8997,2926.0,3488.0203,639.1723,225
2026-08-14 16:00:00+00:00,1077.0,25.505,20.855,22.677916,31.276272,23.666965,26.70044,46773.746,26943.11,21.800003,21.800003,13.0,5.920878,30.960001,168.83514,16.93,3.2808285,4000.789,4392.998,10196850.0,6343951.5,1870.3997,1866.6997,2939.0,3504.9502,642.4531,226
2026-08-15 16:00:00+00:00,1077.0,24.904999,19.654999,22.386251,29.213387,22.579897,26.233261,46700.04,33743.504,7.8,7.8,10.0,5.7964473,25.199999,15.395633,15.16,2.9659424,4023.1753,4419.2314,10243550.0,6377695.0,1878.1997,1874.4998,2949.0,3520.11,645.41907,227
2026-08-16 16:00:00+00:00,1077.0,25.154999,20.054998,22.6425,29.860012,23.362215,26.448076,46625.566,43200.0,1.8000002,1.8000002,9.0,9.36173,39.96,88.99743,20.97,3.9198606,4045.8179,4445.6797,10290176.0,6420895.0,1879.9998,1876.2998,2958.0,3541.08,649.3389,228
2026-08-17 16:00:00+00:00,1077.0,25.705,20.804998,22.827917,30.38697,23.926414,26.137001,46550.4,38200.453,0.1,0.1,1.0,9.499158,38.88,126.0796,21.11,4.0061007,4068.6458,4471.817,10336726.0,6459095.5,1880.0997,1876.3998,2959.0,3562.1902,653.34503,229
2026-08-18 16:00:00+00:00,1077.0,25.304998,18.955,22.1925,30.596424,20.236376,25.521326,46474.598,29044.443,10.9,10.9,11.0,8.777654,39.96,25.218946,16.07,3.0641074,4090.8381,4497.3384,10383201.0,6488140.0,1890.9998,1887.2998,2970.0,3578.2603,656.4091,230
2026-08-19 16:00:00+00:00,1077.0,24.804998,19.054998,21.686249,30.541294,21.633783,25.61853,46398.227,18000.0,60.9,60.9,16.0,7.7420926,33.12,341.93933,10.47,2.0501838,4112.5244,4522.957,10429599.0,6506140.0,1951.8998,1948.1998,2986.0,3588.7302,658.4593,231
2026-08-20 16:00:00+00:00,1077.0,24.355,20.154999,21.755,29.194977,23.302385,25.588745,46321.348,28882.65,13.700001,13.700001,18.0,5.1165614,31.68,136.33214,13.83,2.6719117,4134.2793,4548.546,10475920.0,6535022.5,1965.5997,1961.8998,3004.0,3602.5603,661.1312,232
2026-08-21 16:00:00+00:00,1077.0,23.154999,20.554998,21.711248,27.675102,24.002007,25.690582,46244.016,2800.56,22.5,22.5,24.0,4.991553,19.8,343.78656,6.8,1.4267421,4155.9907,4574.2363,10522164.0,6537823.0,1988.0997,1984.3998,3028.0,3609.3604,662.558,233
2026-08-22 16:00:00+00:00,1077.0,22.755,20.554998,21.43,26.830603,23.382832,24.780157,46166.293,1812.0714,20.9,20.9,23.0,9.096681,56.88,171.43806,7.62,1.5271019,4177.421,4599.0166,10568330.0,6539635.0,2008.9998,2005.2998,3051.0,3616.9805,664.0851,234
2026-08-23 16:00:00+00:00,1077.0,21.755,20.455,20.877916,25.248919,23.354713,24.070997,46088.24,0.0,198.1,198.1,24.0,10.548061,74.520004,156.10191,2.28,0.57979995,4198.299,4623.0874,10614418.0,6539635.0,2207.0999,2203.4,3075.0,3619.2605,664.66486,235
2026-08-24 16:00:00+00:00,1077.0,22.154999,20.205,21.105,26.814037,23.540918,25.00248,46009.906,0.0,52.9,52.9,24.0,5.072041,26.64,287.02728,3.92,0.9071822,4219.404,4648.09,10660428.0,6539635.0,2259.9998,2256.2998,3099.0,3623.1804,665.572,236
2026-08-25 16:00:00+00:00,1077.0,24.904999,19.755,21.863329,30.460117,22.416615,25.523134,45931.363,25309.021,8.400001,8.400001,18.0,6.7469993,30.960001,258.16782,12.92,2.5716908,4241.267,4673.613,10706359.0,6564944.0,2268.3997,2264.6997,3117.0,3636.1003,668.14374,237
2026-08-26 16:00:00+00:00,1077.0,24.955,19.554998,22.665415,30.222034,21.789986,26.097435,45852.65,37065.43,4.5,4.5,8.0,7.7734165,30.599998,279.52908,17.63,3.5216436,4263.9326,4699.7104,10752212.0,6602009.5,2272.8997,2269.1997,3125.0,3653.7302,671.6654,238
2026-08-27 16:00:00+00:00,1077.0,28.1,17.85,22.397917,31.799122,19.287132,25.456482,45772.617,36527.812,3.3,1.9000001,7.0,6.5693827,28.08,271.86258,18.73,3.7673578,4286.3306,4725.167,10797985.0,6638537.5,2276.1997,2271.0996,3132.0,3672.4602,675.43274,239
2026-08-28 16:00:00+00:00,1077.0,25.15,17.2,21.272917,28.706093,19.047153,24.566023,45693.78,33348.12,9.900001,4.4999995,15.0,8.037761,30.239998,135.77066,18.27,3.4028914,4307.6035,4749.733,10843679.0,6671885.5,2286.0996,2275.5996,3147.0,3690.7302,678.83563,240
2026-08-29 16:00:00+00:00,1077.0,25.5,19.15,21.512499,30.326244,21.98253,25.078314,45614.938,43200.0,3.6999998,3.0999997,16.0,8.4963045,38.519997,140.73654,22.71,4.1448817,4329.116,4774.811,10889294.0,6715085.5,2289.7996,2278.6997,3163.0,3713.4402,682.9805,241
2026-08-30 16:00:00+00:00,1077.0,23.35,18.65,20.122915,26.79945,20.860165,23.094398,45535.625,30784.02,5.9,4.4,16.0,7.1684303,43.92,131.1858,17.37,3.0669856,4349.2393,4797.9053,10934830.0,6745869.5,2295.6995,2283.0996,3179.0,3730.8103,686.0475,242
2026-08-31 16:00:00+00:00,1077.0,21.95,18.55,20.39583,25.300232,21.368065,23.759773,45455.62,19485.16,43.699997,24.300001,19.0,5.815978,23.759998,108.251945,11.25,2.1111963,4369.6353,4821.665,10980286.0,6765354.5,2339.3994,2307.3997,3198.0,3742.0603,688.1587,243
2026-09-01 16:00:00+00:00,1077.0,25.05,19.4,21.450003,29.426281,21.869757,24.832582,45374.99,31585.24,6.9,6.5,12.0,7.2,34.2,115.84435,18.74,3.5283525,4391.0854,4846.4976,11025661.0,6796939.5,2346.2993,2313.8997,3210.0,3760.8003,691.6871,244
2026-09-02 16:00:00+00:00,1077.0,22.5,20.05,20.9,27.38504,23.245907,24.757956,45293.79,17327.934,19.399998,5.3,22.0,6.0077944,27.359999,108.71635,13.13,2.4130573,4411.9854,4871.2554,11070955.0,6814267.5,2365.6992,2319.1997,3232.0,3773.9302,694.10016,245
2026-09-03 16:00:00+00:00,1077.0,23.6,18.95,21.008333,29.865063,21.191765,24.579958,45212.074,36109.66,43.899998,5.0000005,15.0,5.3999996,24.84,88.22863,16.44,2.9967656,4432.9937,4895.8354,11116167.0,6850377.0,2409.599,2324.1997,3247.0,3790.37,697.0969,246
2026-09-04 16:00:00+00:00,1077.0,24.6,16.45,20.579166,28.858566,17.393217,23.680227,45129.906,43200.0,8.200001,4.3999996,10.0,7.406295,28.44,192.52885,21.13,3.843081,4453.5728,4919.5156,11161297.0,6893577.0,2417.799,2328.5996,3257.0,3811.5,700.94,247
2026-09-05 16:00:00+00:00,1077.0,24.85,14.35,19.7875,30.002178,14.765755,22.411798,45047.34,43200.0,3.3,2.1000004,9.0,7.329338,29.519999,312.7094,23.75,4.431627,4473.3604,4941.9272,11206344.0,6936777.0,2421.099,2330.6997,3266.0,3835.25,705.37164,248
2026-09-06 16:00:00+00:00,1077.0,24.9,12.0,19.231249,28.856705,11.167376,21.250132,44964.426,43374.66,5.4,1.5,6.0,6.544677,29.16,267.33725,22.04,4.076233,4492.592,4963.1772,11251308.0,6980151.5,2426.499,2332.1997,3272.0,3857.29,709.4479,249
2026-09-07 16:00:00+00:00,1077.0,22.75,13.65,19.693748,26.21271,14.0526085,21.99925,44881.23,43200.0,22.199999,10.199999,15.0,4.3349743,27.359999,309.52252,14.67,2.7780976,4512.2856,4985.1763,11296189.0,7023351.5,2448.699,2342.3997,3287.0,3871.96,712.22595,250
2026-09-08 16:00:00+00:00,1077.0,22.2,17.9,20.525002,26.636257,19.569885,23.994333,44797.797,25017.791,37.19999,11.4,21.0,5.8298883,32.760002,299.7447,11.6,2.2352529,4532.8105,5009.1704,11340987.0,7048369.5,2485.899,2353.7996,3308.0,3883.56,714.4612,251
2026-09-09 16:00:00+00:00,1077.0,24.4,17.05,21.185417,29.618305,18.288012,24.411459,44714.188,43154.477,6.9,3.0000005,15.0,6.2145634,33.48,231.76607,20.19,3.8040903,4553.996,5033.582,11385701.0,7091524.0,2492.7988,2356.7996,3323.0,3903.75,718.26526,252
2026-09-10 16:00:00+00:00,1077.0,22.95,19.0,21.058332,28.512108,21.46649,24.707327,44630.45,43091.207,10.200003,5.7000003,24.0,5.854844,32.039997,156.18137,22.18,3.9807882,4575.054,5058.2896,11430331.0,7134615.0,2502.9988,2362.4995,3347.0,3925.93,722.24603,253
2026-09-11 16:00:00+00:00,1077.0,25.6,18.65,21.752085,30.378292,20.639029,25.202118,44546.64,43027.887,5.4000006,4.8,18.0,6.122647,34.2,54.09988,20.65,3.8761592,4596.806,5083.4917,11474878.0,7177643.0,2508.3987,2367.2996,3365.0,3946.5798,726.1222,254
2026-09-12 16:00:00+00:00,1077.0,24.45,18.75,21.104166,29.156479,21.116,24.498922,44462.805,42964.59,9.300002,5.9999995,24.0,5.402999,30.239998,108.88605,20.71,3.767223,4617.91,5107.9907,11519341.0,7220607.5,2517.6987,2373.2996,3389.0,3967.2898,729.8894,255
2026-09-13 16:00:00+00:00,1077.0,22.25,18.25,20.2125,26.80594,20.466599,23.223387,44378.996,40479.793,23.400003,15.599997,24.0,4.0449967,30.239998,309.2683,17.85,3.2992313,4638.1226,5131.214,11563720.0,7261087.5,2541.0986,2388.8997,3413.0,3985.14,733.18866,256
2026-09-14 16:00:00+00:00,1077.0,24.4,17.4,20.49375,27.764404,19.19176,23.074537,44295.277,42838.79,2.9999995,2.1,9.0,6.544677,30.960001,155.05609,23.76,4.372566,4658.616,5154.2886,11608015.0,7303926.5,2544.0986,2390.9998,3422.0,4008.9,737.5612,257
2026-09-15 16:00:00+00:00,1077.0,22.05,17.4,20.20828,25.536951,19.035952,22.738953,44211.69,40811.613,4.05,1.65,12.0,7.729527,32.039997,153.32028,17.12,3.0577378,4678.8247,5177.0273,11652227.0,7344738.0,2548.1487,2392.6497,3434.0,4026.02,740.61896,258
2026-09-16 16:00:00+00:00,1077.0,25.9025,17.0525,20.656664,28.818977,16.490778,22.81267,44128.285,28800.0,25.799997,18.900002,12.0,11.27553,7.92,338.6071,16.5,3.242541,4699.4814,5199.84,11696355.0,7373538.0,2573.9487,2411.5496,3446.0,4042.52,743.8615,259
