date,elevation,temperature_2m_max,temperature_2m_min,temperature_2m_mean,apparent_temperature_max,apparent_temperature_min,apparent_temperature_mean,daylight_duration,sunshine_duration,precipitation_sum,rain_sum,precipitation_hours,wind_speed_10m_max,wind_gusts_10m_max,wind_direction_10m_dominant,shortwave_radiation_sum,et0_fao_evapotranspiration,cumulative_temperature_2m_mean,cumulative_apparent_temperature_mean,cumulative_daylight_duration,cumulative_sunshine_duration,cumulative_precipitation_sum,cumulative_rain_sum,cumulative_precipitation_hours,cumulative_shortwave_radiation_sum,cumulative_et0_fao_evapotranspiration,day
2025-01-01 16:00:00+00:00,23.0,19.317001,17.717001,18.304499,19.08204,16.716927,17.787296,38796.168,0.0,4.0999994,4.0999994,18.0,20.188908,35.28,352.6293,2.04,0.9981508,18.304499,17.787296,38796.168,0.0,4.0999994,4.0999994,18.0,2.04,0.9981508,1
2025-01-02 16:00:00+00:00,23.0,19.517,16.667,17.685751,18.03511,15.390766,16.626566,38818.254,2607.7114,2.8999999,2.8999999,12.0,21.791153,37.8,352.10507,3.46,1.2914702,35.99025,34.413864,77614.42,2607.7114,6.999999,6.999999,30.0,5.5,2.2896209,2
2025-01-03 16:00:00+00:00,23.0,22.717001,15.566999,18.662832,24.438683,16.185085,19.602476,38841.97,35756.51,0.7,0.7,5.0,9.361731,20.519999,330.31482,13.73,2.4400027,54.653084,54.016342,116456.39,38364.223,7.699999,7.699999,35.0,19.23,4.729624,3
2025-01-04 16:00:00+00:00,23.0,21.767,16.517,18.319086,21.380817,16.196104,18.19017,38867.28,34151.656,2.6999996,2.6999996,10.0,18.268892,31.68,353.09387,10.04,1.9961628,72.97217,72.20651,155323.67,72515.875,10.399999,10.399999,45.0,29.27,6.7257867,4
2025-01-05 16:00:00+00:00,23.0,22.517,15.316999,18.527418,22.649473,13.603371,17.901312,38894.17,35733.043,0.0,0.0,0.0,18.775301,36.0,354.04855,15.9,3.071903,91.49959,90.10783,194217.84,108248.92,10.399999,10.399999,45.0,45.17,9.797689,5
2025-01-06 16:00:00+00:00,23.0,21.117,14.266999,17.692,21.035809,14.483856,17.831465,38922.625,33866.44,0.4,0.4,4.0,15.8502245,27.359999,351.48608,11.66,2.207805,109.19159,107.93929,233140.47,142115.36,10.799998,10.799998,49.0,56.829998,12.005494,6
2025-01-07 16:00:00+00:00,23.0,21.967001,13.967,17.614916,22.28643,13.666426,17.422546,38952.918,35716.617,0.0,0.0,0.0,14.584445,24.48,358.511,15.29,2.8032634,126.8065,125.36184,272093.38,177831.97,10.799998,10.799998,49.0,72.119995,14.808758,7
2025-01-08 16:00:00+00:00,23.0,21.217001,15.167,18.06075,20.68103,14.467945,17.35797,38985.17,24910.48,0.0,0.0,0.0,19.023027,31.319998,355.59637,9.17,2.1761618,144.86725,142.7198,311078.56,202742.45,10.799998,10.799998,49.0,81.28999,16.98492,8
2025-01-09 16:00:00+00:00,23.0,18.267,14.566999,16.002417,16.102617,11.959633,13.3773985,39019.305,7200.0,0.5,0.5,5.0,22.571884,37.8,353.92337,4.22,2.0557404,160.86966,156.0972,350097.88,209942.45,11.299998,11.299998,54.0,85.509995,19.04066,9
2025-01-10 16:00:00+00:00,23.0,17.717001,13.816999,15.43575,15.900402,11.160364,13.653579,39055.246,10346.241,1.4000001,1.4000001,10.0,21.188072,33.839996,350.133,5.82,1.705791,176.3054,169.75078,389153.12,220288.69,12.699999,12.699999,64.0,91.329994,20.746452,10
2025-01-11 16:00:00+00:00,23.0,19.867,12.566999,15.481582,18.307343,9.647107,13.056892,39092.934,35699.848,0.2,0.2,2.0,21.978434,37.8,355.6585,15.48,3.0584142,191.78699,182.80768,428246.06,255988.53,12.899999,12.899999,66.0,106.81,23.804867,11
2025-01-12 16:00:00+00:00,23.0,20.667,10.367,15.787834,20.34952,9.064198,15.007663,39132.29,35698.906,0.0,0.0,0.0,9.432412,22.68,345.564,16.09,2.8274024,207.57483,197.81534,467378.34,291687.44,12.899999,12.899999,66.0,122.899994,26.632269,12
2025-01-13 16:00:00+00:00,23.0,21.317001,12.816999,17.085752,20.767113,12.564934,16.700705,39173.242,31489.236,0.6,0.6,5.0,15.547875,24.119999,346.523,11.67,2.3713584,224.66058,214.51604,506551.6,323176.7,13.499999,13.499999,71.0,134.56999,29.003628,13
2025-01-14 16:00:00+00:00,23.0,17.467001,15.117,16.619081,16.030615,12.748829,14.967152,39215.727,0.0,1.4000001,1.4000001,12.0,22.228361,39.239998,352.1965,1.95,1.2039071,241.27966,229.48318,545767.3,323176.7,14.9,14.9,83.0,136.51999,30.207535,14
2025-01-15 16:00:00+00:00,23.0,19.767,14.516999,16.025333,18.86753,12.468014,14.240647,39259.67,32400.0,0.1,0.1,1.0,20.359901,34.92,350.73856,12.55,2.6894557,257.305,243.72383,585027.0,355576.7,15.0,15.0,84.0,149.06999,32.89699,15
2025-01-16 16:00:00+00:00,23.0,19.767,12.766999,15.966999,19.443308,10.89994,14.447848,39305.004,34598.145,0.1,0.1,1.0,15.224637,27.72,351.5536,14.11,2.8088934,273.272,258.1717,624332.0,390174.84,15.1,15.1,85.0,163.18,35.705887,16
2025-01-17 16:00:00+00:00,23.0,18.717001,14.617,16.5045,17.982021,13.275616,15.728559,39351.656,1738.63,0.8000001,0.8000001,7.0,13.870515,24.119999,354.92245,4.82,1.4161783,289.7765,273.90024,663683.6,391913.47,15.900001,15.900001,92.0,168.0,37.122066,17
2025-01-18 16:00:00+00:00,23.0,21.217001,15.867,17.587833,19.954773,14.467964,16.487413,39399.566,26099.395,1.0000001,1.0000001,7.0,19.94754,37.8,352.94507,10.21,2.2052028,307.36432,290.38766,703083.2,418012.88,16.900002,16.900002,99.0,178.21,39.32727,18
2025-01-19 16:00:00+00:00,23.0,22.417,14.266999,17.906584,23.163696,14.325249,18.010939,39448.656,35729.258,0.0,0.0,0.0,15.94601,28.44,348.36298,15.09,2.7303855,325.2709,308.3986,742531.9,453742.12,16.900002,16.900002,99.0,193.3,42.057655,19
2025-01-20 16:00:00+00:00,23.0,22.817001,14.016999,18.252417,23.605621,13.828224,18.584917,39498.867,35886.875,0.1,0.1,1.0,14.637663,28.08,337.2941,16.06,2.9258597,343.52332,326.98352,782030.75,489629.0,17.000002,17.000002,100.0,209.36,44.983517,20
2025-01-21 16:00:00+00:00,23.0,21.917,16.817001,18.88575,22.501692,17.143166,19.489046,39550.13,27295.902,2.3,2.3,11.0,14.967083,24.84,348.19864,8.83,1.8923866,362.40906,346.47256,821580.9,516924.9,19.300001,19.300001,111.0,218.19,46.875904,21
2025-01-22 16:00:00+00:00,23.0,23.317001,15.867,18.879501,22.701195,14.81959,18.340155,39602.38,36072.13,0.4,0.4,4.0,19.758228,35.28,354.1973,15.83,3.0700417,381.28857,364.8127,861183.25,552997.06,19.7,19.7,115.0,234.02,49.945946,22
2025-01-23 16:00:00+00:00,23.0,23.367,15.367,19.089918,24.241514,15.109331,19.403765,39655.55,36001.824,0.0,0.0,0.0,12.841963,24.119999,344.65073,13.96,2.705952,400.37848,384.2165,900838.8,588998.9,19.7,19.7,115.0,247.98001,52.651897,23
2025-01-24 16:00:00+00:00,23.0,23.767,15.917,19.29825,25.53803,16.523947,19.792883,39709.58,36015.58,0.0,0.0,0.0,16.90563,29.16,348.81873,16.67,3.1076736,419.67673,404.00937,940548.4,625014.44,19.7,19.7,115.0,264.65002,55.75957,24
2025-01-25 16:00:00+00:00,23.0,22.317001,15.367,18.26075,23.447279,11.66032,17.309689,39764.402,35807.836,0.90000004,0.90000004,4.0,30.556026,50.76,351.25003,14.91,3.0058765,437.93747,421.31906,980312.75,660822.25,20.6,20.6,119.0,279.56003,58.76545,25
2025-01-26 16:00:00+00:00,23.0,15.016999,13.516999,14.062832,11.549754,8.391977,9.965785,39819.973,1889.3019,0.5,0.5,4.0,34.964966,58.679996,354.13574,3.96,2.0042748,452.0003,431.28485,1020132.75,662711.56,21.1,21.1,123.0,283.52002,60.769726,26
2025-01-27 16:00:00+00:00,23.0,19.417,12.917,15.562833,17.594702,9.066233,12.9648695,39876.777,32100.752,0.3,0.3,3.0,20.738312,34.56,354.43646,12.37,3.1516702,467.56314,444.24973,1060009.5,694812.3,21.4,21.4,126.0,295.89,63.921394,27
2025-01-28 16:00:00+00:00,23.0,20.117,14.617,16.7295,19.234915,13.377333,15.795608,39935.035,29948.652,0.0,0.0,0.0,12.033103,24.84,343.16345,13.66,2.6805217,484.29263,460.04532,1099944.5,724760.94,21.4,21.4,126.0,309.55002,66.60191,28
2025-01-29 16:00:00+00:00,23.0,22.117,13.016999,17.383669,22.08815,12.212048,17.05128,39994.66,36098.676,0.0,0.0,0.0,12.703715,24.119999,347.21912,16.8,3.1665347,501.6763,477.0966,1139939.1,760859.6,21.4,21.4,126.0,326.35,69.76845,29
2025-01-30 16:00:00+00:00,23.0,19.867,16.317001,18.123247,19.713121,15.770792,17.969074,40055.574,1102.3928,1.3000001,1.3000001,8.0,12.039833,28.8,334.91534,3.43,1.2917948,519.79956,495.06567,1179994.8,761962.0,22.699999,22.699999,134.0,329.78,71.06024,30
2025-01-31 16:00:00+00:00,23.0,25.317001,17.267,20.604502,25.804062,16.713661,20.760862,40117.69,33075.934,2.3,2.3,10.0,18.051228,33.48,345.45612,13.01,2.984701,540.40405,515.82654,1220112.5,795037.94,24.999998,24.999998,144.0,342.79,74.044945,31
2025-02-01 16:00:00+00:00,23.0,23.967001,17.267,19.950335,26.23075,16.825146,20.354345,40180.92,36161.035,0.2,0.2,2.0,17.750774,29.519999,346.67038,14.91,2.9213984,560.3544,536.1809,1260293.4,831199.0,25.199999,25.199999,146.0,357.7,76.96635,32
2025-02-02 16:00:00+00:00,23.0,21.767,14.316999,17.683666,20.849365,10.855435,15.946361,40245.2,36288.824,1.9000001,1.9000001,9.0,29.85722,51.12,352.13257,15.03,2.9991539,578.038,552.12726,1300538.6,867487.8,27.099998,27.099998,155.0,372.73,79.9655,33
2025-02-03 16:00:00+00:00,23.0,17.767,13.917,15.341999,16.104008,10.972775,13.162786,40310.434,12460.848,0.6,0.6,5.0,23.695824,38.16,354.5187,6.03,1.889027,593.38,565.29004,1340849.0,879948.7,27.699999,27.699999,160.0,378.76,81.85453,34
2025-02-04 16:00:00+00:00,23.0,20.167,12.617,16.756584,19.287554,11.780664,16.415842,40376.55,35555.535,0.1,0.1,1.0,10.783487,25.919998,326.57516,13.74,2.4775262,610.1366,581.7059,1381225.5,915504.25,27.8,27.8,161.0,392.5,84.332054,35
2025-02-05 16:00:00+00:00,23.0,21.917,15.117,18.381582,21.566715,15.786346,18.224031,40443.48,35247.625,0.2,0.2,2.0,18.183563,32.039997,351.56497,11.79,2.5789158,628.5182,599.92993,1421669.0,950751.9,28.0,28.0,163.0,404.29,86.91097,36
2025-02-06 16:00:00+00:00,23.0,23.317001,14.266999,18.033667,22.53104,11.020891,15.924648,40511.133,36000.0,0.70000005,0.70000005,2.0,29.59235,47.16,351.30484,17.09,3.6912565,646.5519,615.85455,1462180.1,986751.9,28.7,28.7,165.0,421.38,90.60223,37
2025-02-07 16:00:00+00:00,23.0,17.967001,13.717,15.506581,15.980818,10.711938,12.901935,40579.44,29969.469,0.2,0.2,1.0,21.129885,39.6,351.36798,9.77,2.6264372,662.0585,628.7565,1502759.6,1016721.4,28.900002,28.900002,166.0,431.15,93.22866,38
2025-02-08 16:00:00+00:00,23.0,18.417,12.867,15.233665,17.455353,10.694286,13.472289,40648.332,28901.43,0.1,0.1,1.0,15.763107,25.56,341.90488,11.93,2.5544875,677.2921,642.22876,1543408.0,1045622.8,29.000002,29.000002,167.0,443.08,95.78315,39
2025-02-09 16:00:00+00:00,23.0,21.117,12.717,16.550333,20.897036,11.71489,15.914418,40717.734,37412.2,0.1,0.1,1.0,10.316686,21.24,350.30722,17.65,3.1612015,693.84247,658.1432,1584125.8,1083035.0,29.100002,29.100002,168.0,460.72998,98.94435,40
2025-02-10 16:00:00+00:00,23.0,24.367,13.066999,18.608665,25.216463,12.439053,18.72399,40787.574,36252.59,0.1,0.1,1.0,11.952054,24.119999,344.06995,15.42,3.0189655,712.4511,676.8672,1624913.4,1119287.6,29.200003,29.200003,169.0,476.15,101.96332,41
2025-02-11 16:00:00+00:00,23.0,19.667,17.017,18.514917,21.039204,16.457722,19.142668,40857.785,0.0,23.300001,23.300001,24.0,17.337091,35.28,347.2516,2.62,0.7944952,730.966,696.0098,1665771.1,1119287.6,52.500004,52.500004,193.0,478.77,102.75781,42
2025-02-12 16:00:00+00:00,23.0,19.717001,16.867,18.102415,19.289211,15.535351,17.528868,40928.285,225.60081,27.199999,27.199999,24.0,28.329279,41.760002,347.68286,4.02,1.0860447,749.0684,713.5387,1706699.4,1119513.2,79.700005,79.700005,217.0,482.78998,103.84386,43
2025-02-13 16:00:00+00:00,23.0,20.417,16.667,18.271166,20.520683,16.852325,18.694479,40999.023,416.33344,4.1,4.1,15.0,14.039999,25.199999,345.9328,4.72,1.1612836,767.3396,732.23315,1747698.4,1119929.6,83.8,83.8,232.0,487.50998,105.00514,44
2025-02-14 16:00:00+00:00,23.0,24.117,16.867,20.09825,26.085072,16.37624,20.972448,41069.918,37801.324,0.3,0.3,3.0,17.122723,28.08,342.58258,17.95,3.1649947,787.43787,753.2056,1788768.2,1157731.0,84.100006,84.100006,235.0,505.46,108.170135,45
2025-02-15 16:00:00+00:00,23.0,25.167,16.167,20.042002,27.30493,15.46472,20.63941,41140.93,38007.62,0.0,0.0,0.0,20.256996,36.719997,345.683,19.98,3.5632017,807.47986,773.84503,1829909.1,1195738.6,84.100006,84.100006,235.0,525.44,111.73334,46
2025-02-16 16:00:00+00:00,23.0,24.017,15.766999,19.546165,25.857548,16.410316,20.645584,41212.574,36581.242,0.0,0.0,0.0,12.647482,27.72,320.4358,16.61,3.0654695,827.026,794.4906,1871121.8,1232319.9,84.100006,84.100006,235.0,542.05,114.798805,47
2025-02-17 16:00:00+00:00,23.0,22.417,15.967,18.929502,23.445837,15.624378,18.879843,41285.11,36701.105,0.4,0.4,4.0,16.309628,27.72,346.77402,17.81,3.2812724,845.9555,813.3704,1912406.9,1269021.0,84.50001,84.50001,239.0,559.86,118.08008,48
2025-02-18 16:00:00+00:00,23.0,21.417,16.517,18.500334,21.961514,16.388538,18.542849,41358.465,36447.2,1.1,1.1,10.0,14.918297,28.8,337.2411,13.93,2.6351004,864.4558,831.91327,1953765.4,1305468.2,85.600006,85.600006,249.0,573.79,120.71518,49
2025-02-19 16:00:00+00:00,23.0,22.117,15.867,18.492002,22.145416,15.769775,18.4066,41432.566,36441.582,0.8000001,0.8000001,8.0,17.11515,28.44,350.56015,14.98,2.73888,882.9478,850.3199,1995198.0,1341909.9,86.40001,86.40001,257.0,588.76996,123.454056,50
2025-02-20 16:00:00+00:00,23.0,22.867,16.017,18.727417,22.800299,13.941105,17.567335,41507.355,37451.188,0.5,0.5,5.0,24.725605,40.32,351.68884,18.62,3.5447822,901.67523,867.8872,2036705.4,1379361.0,86.90001,86.90001,262.0,607.38995,126.99884,51
2025-02-21 16:00:00+00:00,23.0,23.517,15.367,18.821165,25.30298,15.135965,18.676603,41582.75,36557.758,0.0,0.0,0.0,18.947083,36.36,340.37476,17.61,3.387833,920.4964,886.5638,2078288.1,1415918.8,86.90001,86.90001,262.0,624.99994,130.38667,52
2025-02-22 16:00:00+00:00,23.0,21.817001,15.967,17.84825,20.579187,13.409058,16.017626,41658.695,28333.23,0.1,0.1,1.0,24.442911,40.32,352.12347,10.95,2.5824904,938.34467,902.5814,2119946.8,1444252.0,87.00001,87.00001,263.0,635.94995,132.96916,53
2025-02-23 16:00:00+00:00,23.0,20.967001,15.467,17.477415,20.140694,13.251463,15.962569,41735.125,31212.34,0.70000005,0.70000005,6.0,21.053844,34.2,349.9697,11.91,2.670264,955.8221,918.544,2161682.0,1475464.4,87.700005,87.700005,269.0,647.8599,135.63942,54
2025-02-24 16:00:00+00:00,23.0,21.617,15.217,17.987835,22.655962,15.906685,18.065472,41811.965,37713.02,0.0,0.0,0.0,17.183167,31.319998,342.46902,15.99,2.9449425,973.80994,936.6095,2203494.0,1513177.4,87.700005,87.700005,269.0,663.8499,138.58437,55
2025-02-25 16:00:00+00:00,23.0,22.567001,14.816999,18.271168,23.788904,14.221857,18.233755,41889.16,32940.39,0.0,0.0,0.0,12.703715,24.84,351.10986,15.78,3.0085866,992.0811,954.84326,2245383.2,1546117.8,87.700005,87.700005,269.0,679.62994,141.59296,56
2025-02-26 16:00:00+00:00,23.0,24.517,16.167,19.702417,26.105608,16.565855,20.639402,41966.645,38358.043,0.0,0.0,0.0,14.133153,28.44,0.85336864,17.62,3.2885299,1011.7835,975.48267,2287350.0,1584475.8,87.700005,87.700005,269.0,697.24994,144.88148,57
2025-02-27 16:00:00+00:00,23.0,26.267,16.717001,20.958666,29.048767,16.90499,22.450945,42044.35,37715.785,0.0,0.0,0.0,11.212135,20.880001,357.66272,18.07,3.510449,1032.7422,997.9336,2329394.2,1622191.5,87.700005,87.700005,269.0,715.31995,148.39194,58
2025-02-28 16:00:00+00:00,23.0,27.367,16.667,21.9545,31.119953,17.733103,24.172033,42122.223,38415.746,0.0,0.0,0.0,13.202726,21.96,91.25444,19.12,3.6742444,1054.6967,1022.10565,2371516.5,1660607.2,87.700005,87.700005,269.0,734.43994,152.06618,59
2025-03-01 16:00:00+00:00,23.0,29.667,19.767,24.3545,32.446228,21.100473,26.643759,42200.2,38444.0,0.0,0.0,0.0,16.946787,32.399998,158.77945,19.9,4.2116413,1079.0511,1048.7494,2413716.8,1699051.2,87.700005,87.700005,269.0,754.33997,156.27782,60
2025-03-02 16:00:00+00:00,23.0,28.867,23.217001,25.46284,32.295277,25.668339,28.565237,42278.215,38387.504,0.0,0.0,0.0,17.654688,35.64,169.1356,18.61,3.8585465,1104.514,1077.3146,2455995.0,1737438.8,87.700005,87.700005,269.0,772.94995,160.13637,61
2025-03-03 16:00:00+00:00,23.0,28.717001,21.467001,24.429502,31.700348,23.967196,27.730896,42356.215,37446.734,8.8,8.8,9.0,18.188019,32.399998,336.275,17.82,3.5790296,1128.9435,1105.0454,2498351.2,1774885.5,96.50001,96.50001,278.0,790.76996,163.7154,62
2025-03-04 16:00:00+00:00,23.0,27.067001,19.717001,22.931585,30.43211,21.598055,25.165848,42434.14,38629.516,0.4,0.4,2.0,16.895088,30.599998,345.08643,17.95,3.5546145,1151.8751,1130.2113,2540785.5,1813515.0,96.90001,96.90001,280.0,808.72,167.27,63
2025-03-05 16:00:00+00:00,23.0,21.417,17.267,19.267,21.206299,15.436443,17.92823,42511.92,25952.314,2.9,2.9,20.0,26.457552,49.32,350.1103,11.55,2.682075,1171.1421,1148.1395,2583297.5,1839467.4,99.80001,99.80001,300.0,820.26996,169.95207,64
2025-03-06 16:00:00+00:00,23.0,22.167,16.417,18.619083,22.247852,15.150719,18.085476,42589.508,23056.832,1.3000002,1.3000002,12.0,19.30117,37.079998,343.68356,9.67,2.3661888,1189.7612,1166.225,2625887.0,1862524.2,101.10001,101.10001,312.0,829.93994,172.31827,65
2025-03-07 16:00:00+00:00,23.0,23.667,16.367,19.408667,26.231916,14.861443,19.083189,42666.848,38541.164,0.4,0.4,4.0,18.921415,33.48,348.86105,20.15,3.9316754,1209.1699,1185.3081,2668553.8,1901065.4,101.500015,101.500015,316.0,850.08997,176.24994,66
2025-03-08 16:00:00+00:00,23.0,25.217001,16.667,20.637833,27.432755,16.190304,21.072828,42744.43,38802.97,0.0,0.0,0.0,15.151039,32.039997,343.35272,19.89,3.9867783,1229.8077,1206.381,2711298.2,1939868.4,101.500015,101.500015,316.0,869.98,180.23672,67
2025-03-09 16:00:00+00:00,23.0,26.017,17.667,21.321167,28.260883,18.791487,22.47374,42822.508,38820.33,0.0,0.0,0.0,16.525724,31.68,338.30994,20.22,3.9347777,1251.1289,1228.8547,2754120.8,1978688.8,101.500015,101.500015,316.0,890.19995,184.17151,68
2025-03-10 16:00:00+00:00,23.0,27.267,16.967001,22.48575,29.109959,17.845276,24.233383,42901.02,39474.086,0.0,0.0,0.0,16.720633,28.8,351.26425,21.3,4.1209106,1273.6146,1253.0881,2797021.8,2018162.9,101.500015,101.500015,316.0,911.49994,188.29242,69
2025-03-11 16:00:00+00:00,23.0,29.117,20.217001,24.206587,33.020172,22.031368,26.652605,42979.91,39068.266,0.0,0.0,0.0,11.545284,23.4,346.9277,19.79,4.111144,1297.8212,1279.7407,2840001.8,2057231.1,101.500015,101.500015,316.0,931.2899,192.40356,70
2025-03-12 16:00:00+00:00,23.0,26.117,22.517,24.071169,30.126236,25.570366,27.517143,43059.125,3872.5762,14.599999,14.599999,12.0,14.277983,22.319998,97.30983,8.09,1.8340039,1321.8923,1307.2578,2883061.0,2061103.8,116.10001,116.10001,328.0,939.37994,194.23756,71
2025-03-13 16:00:00+00:00,23.0,27.567001,21.917,24.460752,32.199707,24.818295,28.413721,43138.61,35221.926,7.4,7.4,7.0,10.853866,24.84,355.20844,13.87,2.7958095,1346.353,1335.6715,2926199.5,2096325.6,123.500015,123.500015,335.0,953.24994,197.03337,72
2025-03-14 16:00:00+00:00,23.0,27.667,20.117,23.896166,32.002064,20.229156,26.967554,43218.316,38297.414,2.1,2.1,8.0,20.833395,36.719997,349.80374,16.62,3.3101172,1370.2491,1362.639,2969417.8,2134623.0,125.60001,125.60001,343.0,969.86993,200.34349,73
2025-03-15 16:00:00+00:00,23.0,20.417,16.467001,18.250336,18.836174,13.734665,16.005655,43298.188,25368.695,1.8000002,1.8000002,9.0,29.433163,48.239998,353.48087,11.3,2.7110577,1388.4995,1378.6447,3012716.0,2159991.8,127.40002,127.40002,352.0,981.1699,203.05455,74
2025-03-16 16:00:00+00:00,23.0,19.067001,15.417,16.733667,17.57959,14.169125,15.382534,43378.17,5166.323,2.3999999,2.3999999,15.0,19.781172,35.28,354.358,6.54,1.9277549,1405.2332,1394.0272,3056094.2,2165158.0,129.80002,129.80002,367.0,987.7099,204.9823,75
2025-03-17 16:00:00+00:00,23.0,16.417,14.717,15.648252,16.364117,12.159779,14.075936,43458.215,0.0,3.2,3.2,14.0,19.523155,33.839996,355.8215,2.71,1.3155643,1420.8813,1408.1031,3099552.5,2165158.0,133.00002,133.00002,381.0,990.4199,206.29787,76
2025-03-18 16:00:00+00:00,23.0,20.567001,16.117,17.879501,19.900227,15.967541,17.795874,43538.258,11509.154,0.0,0.0,0.0,10.9859,21.599998,4.885885,9.41,2.0739214,1438.7609,1425.899,3143090.8,2176667.2,133.00002,133.00002,381.0,999.8299,208.3718,77
2025-03-19 16:00:00+00:00,23.0,22.267,14.417,18.317,23.164423,14.391153,18.351665,43618.266,26485.578,0.0,0.0,0.0,10.874741,23.039999,15.399881,15.93,3.1236591,1457.0779,1444.2507,3186709.0,2203152.8,133.00002,133.00002,381.0,1015.7599,211.49545,78
2025-03-20 16:00:00+00:00,23.0,23.067001,14.217,18.537836,24.762974,13.916376,18.815077,43698.164,40323.44,0.0,0.0,0.0,9.499158,24.119999,27.012554,23.33,4.2505274,1475.6157,1463.0658,3230407.2,2243476.2,133.00002,133.00002,381.0,1039.0898,215.74599,79
2025-03-21 16:00:00+00:00,23.0,24.067001,12.766999,18.621168,25.187506,12.805292,18.473368,43777.918,40729.28,0.0,0.0,0.0,11.5887,25.199999,26.453094,24.15,4.5538034,1494.2369,1481.5392,3274185.2,2284205.5,133.00002,133.00002,381.0,1063.2399,220.29979,80
2025-03-22 16:00:00+00:00,23.0,25.267,15.266999,20.208668,27.160471,15.441969,20.807344,43857.46,41143.83,0.0,0.0,0.0,11.4862,23.759998,358.23752,22.87,4.316855,1514.4456,1502.3466,3318042.8,2325349.2,133.00002,133.00002,381.0,1086.1099,224.61664,81
2025-03-23 16:00:00+00:00,23.0,25.717001,15.766999,20.933668,27.97942,16.145884,22.22687,43936.742,41306.773,0.0,0.0,0.0,10.495713,21.96,250.1845,22.87,4.3264,1535.3793,1524.5735,3361979.5,2366656.0,133.00002,133.00002,381.0,1108.9799,228.94304,82
2025-03-24 16:00:00+00:00,23.0,27.967001,15.967,22.189917,31.089539,17.362766,24.05654,44015.72,40288.27,0.0,0.0,0.0,9.0018,19.44,204.16913,24.3,4.787915,1557.5692,1548.63,3405995.2,2406944.2,133.00002,133.00002,381.0,1133.2799,233.73096,83
2025-03-25 16:00:00+00:00,23.0,29.517,18.567001,24.150331,33.809322,19.70992,26.785334,44094.316,41372.664,0.0,0.0,0.0,13.88919,30.599998,186.86606,22.74,4.6783333,1581.7196,1575.4153,3450089.5,2448317.0,133.00002,133.00002,381.0,1156.0199,238.40929,84
2025-03-26 16:00:00+00:00,23.0,30.267,20.267,25.264914,34.73324,22.905352,28.65274,44172.5,41562.633,0.0,0.0,0.0,13.619471,28.8,200.95714,23.34,4.814498,1606.9845,1604.068,3494262.0,2489879.8,133.00002,133.00002,381.0,1179.3599,243.22379,85
2025-03-27 16:00:00+00:00,23.0,29.717001,22.117,25.314917,33.50426,23.263304,27.370909,44250.215,41639.676,0.0,0.0,0.0,21.1896,38.519997,340.09232,23.98,5.294019,1632.2994,1631.4388,3538512.2,2531519.5,133.00002,133.00002,381.0,1203.3398,248.5178,86
2025-03-28 16:00:00+00:00,23.0,27.017,20.117,22.908669,28.352974,19.277613,22.86971,44327.914,41716.32,0.2,0.2,2.0,20.83184,39.6,345.24524,20.94,5.041177,1655.2081,1654.3086,3582840.2,2573235.8,133.20001,133.20001,383.0,1224.2798,253.55899,87
2025-03-29 16:00:00+00:00,23.0,25.717001,18.517,21.18992,26.179287,17.794909,20.538143,44405.832,34286.53,0.8,0.8,6.0,22.35481,42.48,348.87622,15.49,3.9927619,1676.3981,1674.8467,3627246.0,2607522.2,134.00002,134.00002,389.0,1239.7698,257.55176,88
2025-03-30 16:00:00+00:00,23.0,24.017,18.317001,20.254501,23.9842,17.307682,19.910666,44483.91,34181.168,5.2999997,5.2999997,21.0,24.313328,36.719997,349.9796,12.92,3.0404005,1696.6526,1694.7573,3671730.0,2641703.5,139.30002,139.30002,410.0,1252.6898,260.59216,89
2025-03-31 16:00:00+00:00,23.0,23.667,17.667,19.894085,23.480274,16.661537,18.767588,44562.105,38231.9,3.9,3.9,8.0,24.270647,42.12,352.0381,16.06,3.5681796,1716.5466,1713.5249,3716292.0,2679935.5,143.20001,143.20001,418.0,1268.7499,264.16034,90
2025-04-01 16:00:00+00:00,23.0,21.617,17.667,19.283667,21.244892,16.973505,18.956837,44640.367,6107.1143,0.3,0.3,3.0,15.743569,28.08,354.3837,7.54,2.1583955,1735.8303,1732.4817,3760932.2,2686042.5,143.50002,143.50002,421.0,1276.2899,266.31873,91
2025-04-02 16:00:00+00:00,23.0,24.567001,18.617,21.329504,26.08106,19.71209,22.757774,44718.64,38158.76,0.3,0.3,3.0,11.466438,22.319998,327.7611,15.4,3.0667076,1757.1598,1755.2395,3805651.0,2724201.2,143.80002,143.80002,424.0,1291.69,269.38544,92
2025-04-03 16:00:00+00:00,23.0,27.417,17.667,22.442001,29.582333,19.203403,24.27997,44796.875,40903.266,0.5,0.5,4.0,12.483749,25.56,292.36734,21.6,4.3747444,1779.6018,1779.5195,3850448.0,2765104.5,144.30002,144.30002,428.0,1313.2899,273.7602,93
2025-04-04 16:00:00+00:00,23.0,26.067001,19.967001,22.20867,27.782246,20.379147,23.307283,44875.023,33110.164,1.9000001,1.9000001,11.0,18.665401,32.399998,356.5247,15.31,3.5191643,1801.8104,1802.8268,3895323.0,2798214.8,146.20001,146.20001,439.0,1328.6,277.27936,94
2025-04-05 16:00:00+00:00,23.0,27.217001,19.617,22.987837,28.768875,20.040688,24.23407,44953.035,37964.152,0.4,0.4,3.0,17.114204,32.039997,351.4077,19.83,4.2938724,1824.7982,1827.0608,3940276.0,2836179.0,146.6,146.6,442.0,1348.4299,281.57324,95
2025-04-06 16:00:00+00:00,23.0,27.267,21.167,24.129501,29.63498,24.259762,26.912962,45030.848,30528.07,0.3,0.3,3.0,13.60519,27.72,295.9358,14.15,3.1200926,1848.9277,1853.9738,3985306.8,2866707.0,146.90001,146.90001,445.0,1362.58,284.69333,96
2025-04-07 16:00:00+00:00,23.0,28.717001,21.817001,24.73992,31.032917,24.21779,27.120766,45108.418,41124.992,0.1,0.1,1.0,17.04021,31.68,347.63824,22.33,4.7730317,1873.6676,1881.0945,4030415.2,2907832.0,147.00002,147.00002,446.0,1384.9099,289.46637,97
2025-04-08 16:00:00+00:00,23.0,27.717001,21.767,24.629501,30.918228,24.925596,27.646568,45185.69,39940.062,1.3000001,1.3000001,9.0,9.914717,20.880001,216.25397,17.68,3.7186801,1898.2971,1908.7411,4075601.0,2947772.0,148.30002,148.30002,455.0,1402.59,293.18506,98
2025-04-09 16:00:00+00:00,23.0,28.517,22.017,25.075335,30.97984,25.307459,27.670313,45262.61,39949.684,1.4000001,1.4000001,9.0,16.38,32.760002,347.29593,19.31,4.245693,1923.3724,1936.4114,4120863.5,2987721.8,149.70001,149.70001,464.0,1421.9,297.43076,99
2025-04-10 16:00:00+00:00,23.0,31.067001,20.767,26.04825,34.420464,24.206026,28.682413,45339.117,42703.29,1.1,1.1,4.0,17.508179,30.960001,182.46277,21.96,5.175318,1949.4207,1965.0938,4166202.5,3030425.0,150.80002,150.80002,468.0,1443.86,302.60608,100
2025-04-11 16:00:00+00:00,23.0,30.217001,23.717001,26.556587,33.824688,25.377998,29.156385,45415.16,40884.24,1.0,1.0,3.0,21.066921,42.12,180.46643,20.28,4.828335,1975.9773,1994.2501,4211617.5,3071309.2,151.80002,151.80002,471.0,1464.14,307.43442,101
2025-04-12 16:00:00+00:00,23.0,23.767,19.167,21.08367,28.306393,19.195957,21.866896,45490.688,4382.341,15.4,15.4,13.0,22.832346,41.039997,353.6712,7.72,2.0546763,1997.0609,2016.1171,4257108.0,3075691.5,167.20001,167.20001,484.0,1471.86,309.4891,102
2025-04-13 16:00:00+00:00,23.0,26.617,18.067001,21.925337,27.70314,19.005476,22.982042,45565.633,39411.383,0.0,0.0,0.0,13.752047,29.88,331.1009,25.96,5.155948,2018.9862,2039.0991,4302673.5,3115103.0,167.20001,167.20001,484.0,1497.82,314.64505,103
2025-04-14 16:00:00+00:00,23.0,29.717001,17.417,23.46492,31.253273,17.987717,24.238379,45639.94,42993.297,0.0,0.0,0.0,13.327294,26.28,349.0718,27.3,5.745963,2042.4512,2063.3374,4348313.5,3158096.2,167.20001,167.20001,484.0,1525.12,320.39102,104
2025-04-15 16:00:00+00:00,23.0,29.517,18.267,24.044085,32.789528,20.108616,26.024984,45713.55,43054.254,0.0,0.0,0.0,7.596341,26.28,133.7493,25.6,5.1441054,2066.4954,2089.3623,4394027.0,3201150.5,167.20001,167.20001,484.0,1550.72,325.53513,105
2025-04-16 16:00:00+00:00,23.0,30.167,19.917,25.27117,33.328068,21.719858,28.365488,45786.414,41435.695,0.8,0.8,3.0,11.631956,26.64,196.33281,20.37,4.3589554,2091.7666,2117.7278,4439813.5,3242586.2,168.00002,168.00002,487.0,1571.09,329.89407,106
2025-04-17 16:00:00+00:00,23.0,30.517,24.017,26.919085,35.213795,28.65203,31.09561,45858.973,43098.0,0.2,0.2,2.0,11.91948,25.199999,232.51968,22.14,4.76016,2118.6858,2148.8235,4485672.5,3285684.2,168.20001,168.20001,489.0,1593.23,334.65424,107
2025-04-18 16:00:00+00:00,23.0,30.867,23.917,27.125334,34.79378,28.422935,30.966883,45931.434,42542.2,0.0,0.0,0.0,10.739832,24.84,212.476,19.21,4.310308,2145.811,2179.7903,4531604.0,3328226.5,168.20001,168.20001,489.0,1612.44,338.96454,108
2025-04-19 16:00:00+00:00,23.0,31.667,22.667,26.994085,35.621468,26.20996,30.600798,46003.754,43142.297,0.0,0.0,0.0,19.820442,37.44,314.6151,23.8,5.3172417,2172.8052,2210.391,4577608.0,3371368.8,168.20001,168.20001,489.0,1636.24,344.28177,109
2025-04-20 16:00:00+00:00,23.0,32.367,23.167,27.381582,37.93408,27.082043,31.742449,46075.863,43164.64,0.0,0.0,0.0,14.059602,28.8,303.4663,25.86,5.6058917,2200.1868,2242.1335,4623684.0,3414533.5,168.20001,168.20001,489.0,1662.1,349.88766,110
2025-04-21 16:00:00+00:00,23.0,32.367,23.167,27.256582,36.241234,27.885208,31.112688,46147.723,43187.12,0.0,0.0,0.0,14.193772,29.88,277.49277,26.46,5.8091397,2227.4434,2273.2463,4669831.5,3457720.5,168.20001,168.20001,489.0,1688.5599,355.6968,111
2025-04-22 16:00:00+00:00,23.0,31.367,23.267,27.017004,35.608482,27.201378,30.761217,46219.28,43200.0,0.0,0.0,0.0,15.073858,29.519999,298.1297,24.27,5.3094034,2254.4604,2304.0076,4716051.0,3500920.5,168.20001,168.20001,489.0,1712.83,361.00623,112
2025-04-23 16:00:00+00:00,23.0,31.267,24.067001,27.22117,35.87115,28.858162,31.482027,46290.47,43200.0,0.0,0.0,0.0,13.1041975,28.44,293.28918,23.17,5.0220175,2281.6816,2335.4895,4762341.5,3544120.5,168.20001,168.20001,489.0,1736.0,366.02823,113
2025-04-24 16:00:00+00:00,23.0,30.317001,22.817001,26.548254,32.503693,26.91537,29.569586,46361.234,43200.0,0.1,0.1,1.0,19.242327,36.719997,342.045,22.15,5.0733557,2308.23,2365.059,4808702.5,3587320.5,168.30002,168.30002,490.0,1758.15,371.1016,114
2025-04-25 16:00:00+00:00,23.0,29.417,23.567001,26.254501,32.90641,27.4989,29.499557,46431.523,42665.016,0.8,0.8,7.0,17.490591,33.48,334.76105,18.29,4.1328063,2334.4844,2394.5586,4855134.0,3629985.5,169.10002,169.10002,497.0,1776.4401,375.2344,115
2025-04-26 16:00:00+00:00,23.0,31.567001,22.867,26.68367,35.829674,25.657993,29.87481,46501.27,43200.0,0.0,0.0,0.0,15.172409,32.399998,342.6428,25.78,5.6893854,2361.168,2424.4333,4901635.5,3673185.5,169.10002,169.10002,497.0,1802.2201,380.9238,116
2025-04-27 16:00:00+00:00,23.0,29.217001,23.417,25.864922,31.13829,27.040041,28.386377,46570.426,41670.957,0.9000001,0.9000001,7.0,22.620636,42.48,342.393,16.74,3.9927225,2387.033,2452.8198,4948206.0,3714856.5,170.00002,170.00002,504.0,1818.9601,384.91653,117
2025-04-28 16:00:00+00:00,23.0,29.217001,24.017,26.327415,31.950928,27.252932,29.190313,46638.92,43200.0,1.2,1.2,9.0,14.4415655,32.039997,243.89166,20.98,4.56418,2413.3604,2482.0103,4994845.0,3758056.5,171.20001,171.20001,513.0,1839.9401,389.4807,118
2025-04-29 16:00:00+00:00,23.0,30.217001,22.717001,26.235754,32.783253,25.261818,29.031904,46706.7,43200.0,0.4,0.4,4.0,14.578888,30.599998,266.3245,22.71,4.891077,2439.5962,2511.0422,5041551.5,3801256.5,171.6,171.6,517.0,1862.65,394.3718,119
2025-04-30 16:00:00+00:00,23.0,31.017,22.667,26.681585,35.44592,26.095404,29.340887,46773.695,43200.0,0.1,0.1,1.0,16.666288,33.12,336.0375,23.44,5.4759746,2466.2778,2540.383,5088325.0,3844456.5,171.70001,171.70001,518.0,1886.09,399.84778,120
2025-05-01 16:00:00+00:00,23.0,32.167,22.917,27.127419,35.99734,25.857603,30.07234,46839.844,43200.0,0.8,0.8,3.0,11.525623,33.48,315.28552,24.77,5.5875297,2493.4053,2570.4553,5135165.0,3887656.5,172.50002,172.50002,521.0,1910.86,405.4353,121
2025-05-02 16:00:00+00:00,23.0,31.267,23.467001,27.296167,35.18705,26.425604,30.699045,46905.082,43200.0,0.2,0.2,2.0,13.5012,26.64,353.2758,21.51,4.8654366,2520.7014,2601.1543,5182070.0,3930856.5,172.70001,172.70001,523.0,1932.37,410.30075,122
2025-05-03 16:00:00+00:00,23.0,31.467001,24.967001,28.094084,35.788795,28.972725,32.45953,46969.34,42957.754,1.2,1.2,6.0,9.676569,29.88,329.80325,21.64,4.7263355,2548.7954,2633.6138,5229039.5,3973814.2,173.90001,173.90001,529.0,1954.01,415.0271,123
2025-05-04 16:00:00+00:00,23.0,32.967,24.517,28.49409,38.334236,28.931557,33.14474,47032.56,43200.0,0.4,0.4,1.0,11.236671,33.839996,225.46703,23.86,5.29418,2577.2896,2666.7585,5276072.0,4017014.2,174.3,174.3,530.0,1977.87,420.3213,124
2025-05-05 16:00:00+00:00,23.0,31.517,25.067001,28.044085,35.379826,29.816833,32.434063,47094.67,38500.77,6.0,6.0,5.0,16.388897,32.039997,302.37674,21.32,4.82288,2605.3337,2699.1926,5323166.5,4055515.0,180.3,180.3,535.0,1999.19,425.14417,125
2025-05-06 16:00:00+00:00,23.0,30.317001,25.167,27.642004,34.602444,30.197231,32.439655,47155.61,39234.305,3.6999998,3.6999998,16.0,13.523978,26.28,248.74434,20.75,4.4368477,2632.9758,2731.6323,5370322.0,4094749.2,184.0,184.0,551.0,2019.94,429.58102,126
2025-05-07 16:00:00+00:00,23.0,33.667,24.867,29.133669,38.2165,29.846165,33.166073,47215.773,40726.883,0.2,0.2,1.0,13.130133,34.92,180.83902,22.68,5.4790773,2662.1096,2764.7983,5417538.0,4135476.2,184.2,184.2,552.0,2042.62,435.0601,127
2025-05-08 16:00:00+00:00,23.0,32.567,26.367,29.046167,36.966156,29.13139,32.7986,47275.355,35982.73,2.4,2.4,8.0,24.604753,50.76,166.5464,22.47,5.4945207,2691.1558,2797.597,5464813.5,4171459.0,186.59999,186.59999,560.0,2065.09,440.5546,128
2025-05-09 16:00:00+00:00,23.0,29.717001,25.267,26.675333,36.155224,30.696716,32.38197,47334.3,23485.904,37.100006,37.100006,21.0,7.8087645,27.0,257.23807,13.93,2.9060104,2717.831,2829.979,5512148.0,4194945.0,223.7,223.7,581.0,2079.02,443.4606,129
2025-05-10 16:00:00+00:00,23.0,26.367,22.917,24.521164,30.576656,25.543419,28.31201,47392.562,313.33157,59.099995,59.099995,24.0,17.262177,38.16,351.074,6.21,1.4291937,2742.3523,2858.291,5559540.5,4195258.5,282.8,282.8,605.0,2085.23,444.8898,130
2025-05-11 16:00:00+00:00,23.0,26.167,22.917,24.404497,29.459835,27.006626,28.213737,47450.086,941.1964,4.5999994,4.5999994,18.0,8.067936,19.44,331.04526,7.18,1.7386916,2766.7568,2886.5046,5606990.5,4196199.5,287.4,287.4,623.0,2092.41,446.62848,131
2025-05-12 16:00:00+00:00,23.0,29.317001,22.267,26.01075,34.84668,26.37956,30.18418,47506.812,43200.0,0.4,0.4,4.0,8.596766,19.8,352.42395,24.55,5.0047107,2792.7676,2916.6887,5654497.5,4239399.5,287.8,287.8,627.0,2116.96,451.63318,132
2025-05-13 16:00:00+00:00,23.0,30.567001,22.417,26.450335,37.18262,26.16195,31.138779,47562.688,42384.883,0.0,0.0,0.0,10.1376915,20.519999,350.53772,26.23,5.393357,2819.218,2947.8274,5702060.0,4281784.5,287.8,287.8,627.0,2143.19,457.02655,133
2025-05-14 16:00:00+00:00,23.0,30.817001,22.917,26.94825,37.24467,27.29076,32.083935,47617.656,43245.383,0.1,0.1,1.0,9.220499,21.96,347.52954,25.96,5.307762,2846.1663,2979.9114,5749677.5,4325030.0,287.9,287.9,628.0,2169.15,462.33432,134
2025-05-15 16:00:00+00:00,23.0,31.617,24.467001,28.117002,36.541206,29.542423,33.17708,47671.66,43242.406,0.9,0.9,2.0,15.137133,34.56,161.91379,24.33,5.1757617,2874.2832,3013.0884,5797349.0,4368272.5,288.8,288.8,630.0,2193.48,467.51007,135
2025-05-16 16:00:00+00:00,23.0,31.517,26.317001,28.692001,36.801315,30.611217,33.41968,47724.64,43327.637,0.70000005,0.70000005,3.0,18.374111,38.88,168.54982,25.01,5.439687,2902.975,3046.508,5845073.5,4411600.0,289.5,289.5,633.0,2218.49,472.94977,136
2025-05-17 16:00:00+00:00,23.0,31.867,26.567001,28.787832,36.88112,30.909988,33.454838,47776.54,43325.89,0.5,0.5,4.0,17.604147,34.56,174.49376,23.76,5.2887697,2931.763,3079.963,5892850.0,4454926.0,290.0,290.0,637.0,2242.25,478.23853,137
2025-05-18 16:00:00+00:00,23.0,31.867,26.367,28.919085,37.984657,31.597092,34.451485,47827.297,43200.0,0.8000001,0.8000001,8.0,13.149859,31.319998,184.4511,23.64,5.0645084,2960.6821,3114.4143,5940677.5,4498126.0,290.8,290.8,645.0,2265.89,483.30304,138
2025-05-19 16:00:00+00:00,23.0,32.117,26.467001,29.148252,37.95176,31.02583,34.24982,47876.86,43231.03,0.4,0.4,2.0,13.8037815,32.039997,168.37874,24.71,5.4970117,2989.8303,3148.664,5988554.5,4541357.0,291.19998,291.19998,647.0,2290.5999,488.80005,139
2025-05-20 16:00:00+00:00,23.0,31.817001,26.767,29.177422,37.50092,31.77562,34.353085,47925.156,43200.0,0.8,0.8,6.0,14.092977,29.16,173.05669,20.2,4.598023,3019.0078,3183.017,6036479.5,4584557.0,291.99997,291.99997,653.0,2310.7998,493.39807,140
2025-05-21 16:00:00+00:00,23.0,32.767002,25.667,29.052422,38.5954,31.044865,34.12357,47972.13,41960.062,0.0,0.0,0.0,14.366211,27.72,310.18298,24.72,5.535519,3048.0603,3217.1406,6084451.5,4626517.0,291.99997,291.99997,653.0,2335.5198,498.9336,141
2025-05-22 16:00:00+00:00,23.0,32.567,25.617,28.98159,37.130577,30.440647,34.024666,48017.72,43200.0,0.8000001,0.8000001,7.0,11.525623,25.919998,243.4782,22.79,5.0375595,3077.042,3251.1653,6132469.0,4669717.0,292.79996,292.79996,660.0,2358.3098,503.97116,142
2025-05-23 16:00:00+00:00,23.0,32.217,25.617,28.75242,38.625473,31.776993,34.408367,48061.863,43316.086,1.3,1.3,7.0,14.25641,31.68,334.31473,22.91,4.978888,3105.7944,3285.5737,6180531.0,4713033.0,294.09995,294.09995,667.0,2381.2197,508.95004,143
2025-05-24 16:00:00+00:00,23.0,29.467001,25.217001,26.902418,34.093124,30.322403,31.974985,48104.496,39162.15,7.9,7.9,22.0,14.581111,31.319998,341.15604,16.96,3.565036,3132.6968,3317.5488,6228635.5,4752195.0,301.99994,301.99994,689.0,2398.1797,512.5151,144
2025-05-25 16:00:00+00:00,23.0,27.117,24.217001,25.221167,30.928787,28.146706,29.309366,48145.562,26891.574,14.800001,14.800001,17.0,18.151463,30.960001,6.679192,11.83,2.565613,3157.918,3346.8582,6276781.0,4779086.5,316.79993,316.79993,706.0,2410.0098,515.0807,145
2025-05-26 16:00:00+00:00,23.0,30.067001,23.667,26.439917,35.31885,26.933054,30.319864,48184.996,34527.164,0.5,0.5,3.0,15.455911,26.28,343.9389,20.63,4.5109673,3184.358,3377.178,6324966.0,4813613.5,317.29993,317.29993,709.0,2430.6396,519.5917,146
2025-05-27 16:00:00+00:00,23.0,30.767,24.667,27.231585,37.7258,29.709248,32.519062,48223.066,39600.0,5.2999997,5.2999997,9.0,6.898956,30.599998,341.35034,20.57,4.315123,3211.5896,3409.697,6373189.0,4853213.5,322.5999,322.5999,718.0,2451.2097,523.9068,147
2025-05-28 16:00:00+00:00,23.0,28.967001,24.117,26.012833,33.26569,27.786045,30.275072,48259.918,28238.467,24.699999,24.699999,17.0,15.188415,30.239998,358.97037,15.33,3.261224,3237.6025,3439.9722,6421449.0,4881452.0,347.29993,347.29993,735.0,2466.5398,527.168,148
2025-05-29 16:00:00+00:00,23.0,28.067001,23.717001,25.281586,31.941319,28.441608,29.947348,48295.51,22286.56,34.199997,34.199997,18.0,12.108261,26.28,207.90828,10.93,2.3661711,3262.884,3469.9194,6469744.5,4903738.5,381.49994,381.49994,753.0,2477.4697,529.5342,149
2025-05-30 16:00:00+00:00,23.0,31.317001,23.967001,27.42325,37.26319,28.991325,32.147533,48329.82,43200.0,0.2,0.2,2.0,13.130133,28.08,144.54568,23.95,5.118801,3290.3074,3502.067,6518074.5,4946938.5,381.69995,381.69995,755.0,2501.4197,534.65295,150
2025-05-31 16:00:00+00:00,23.0,29.317001,25.817001,26.99617,34.460682,30.379147,31.770647,48362.797,30208.748,16.2,16.2,19.0,19.121557,37.8,179.17459,14.86,3.0311964,3317.3035,3533.8376,6566437.5,4977147.0,397.89996,397.89996,774.0,2516.2798,537.68414,151
2025-06-01 16:00:00+00:00,23.0,29.067001,26.017,27.194086,34.417404,30.31131,32.672966,48394.42,16167.105,26.9,26.9,24.0,15.844089,33.12,215.25362,11.57,2.462928,3344.4976,3566.5105,6614832.0,4993314.0,424.79996,424.79996,798.0,2527.8499,540.1471,152
2025-06-02 16:00:00+00:00,23.0,27.967001,25.567001,26.471169,33.769997,30.73373,32.23756,48424.656,3211.3696,46.399998,46.399998,24.0,14.913952,31.319998,216.50505,7.37,1.6166753,3370.9688,3598.748,6663256.5,4996525.5,471.19995,471.19995,822.0,2535.22,541.7638,153
2025-06-03 16:00:00+00:00,23.0,27.717001,25.317001,26.094088,33.59554,30.292046,31.512903,48453.465,0.0,29.3,29.3,24.0,11.103243,24.119999,186.7097,5.55,1.2764033,3397.0627,3630.261,6711710.0,4996525.5,500.49994,500.49994,846.0,2540.77,543.0402,154
2025-06-04 16:00:00+00:00,23.0,29.217001,25.717001,27.169085,34.393147,30.218395,31.892273,48480.805,22988.492,9.400001,9.400001,14.0,17.325876,39.239998,178.89967,12.93,2.8448322,3424.232,3662.1533,6760191.0,5019514.0,509.89993,509.89993,860.0,2553.7,545.8851,155
2025-06-05 16:00:00+00:00,23.0,29.767,25.467001,27.508667,36.69688,31.052074,33.149757,48506.656,40311.305,6.4,6.4,15.0,12.7279215,27.0,171.73526,18.43,3.7176652,3451.7407,3695.303,6808697.5,5059825.5,516.2999,516.2999,875.0,2572.13,549.6027,156
2025-06-06 16:00:00+00:00,23.0,30.567001,25.717001,28.150335,37.49427,31.158695,33.624588,48530.977,43208.434,2.1000001,2.1000001,13.0,17.637245,32.760002,178.1889,20.64,4.2375336,3479.891,3728.9275,6857228.5,5103034.0,518.3999,518.3999,888.0,2592.7698,553.8403,157
2025-06-07 16:00:00+00:00,23.0,31.417,26.667,29.002417,38.036255,31.556007,34.85564,48553.742,43508.0,0.8000001,0.8000001,6.0,13.577776,27.359999,180.73637,23.86,5.0044613,3508.8936,3763.7832,6905782.0,5146542.0,519.1999,519.1999,894.0,2616.63,558.8447,158
2025-06-08 16:00:00+00:00,23.0,32.717,26.817001,29.146166,40.626762,32.58845,35.446148,48574.91,43508.35,1.7,1.7,6.0,11.157096,21.96,236.18869,24.85,5.2882833,3538.0398,3799.2292,6954357.0,5190050.5,520.8999,520.8999,900.0,2641.48,564.133,159
2025-06-09 16:00:00+00:00,23.0,31.967001,25.767,28.848251,39.94421,32.360607,35.55784,48594.453,43210.19,5.5,5.5,7.0,8.528657,24.48,303.3741,23.55,4.927292,3566.888,3834.787,7002951.5,5233260.5,526.3999,526.3999,907.0,2665.03,569.0603,160
2025-06-10 16:00:00+00:00,23.0,32.417,25.867,28.717001,40.971313,31.470726,35.269047,48612.33,43509.1,9.8,9.8,10.0,9.7880945,28.08,310.55252,24.08,5.0695057,3595.605,3870.0562,7051564.0,5276769.5,536.1999,536.1999,917.0,2689.11,574.1298,161
2025-06-11 16:00:00+00:00,23.0,29.867,25.717001,27.339918,36.184998,30.650059,33.27121,48628.516,17168.332,28.099998,28.099998,17.0,11.570515,18.72,343.26117,10.49,2.3108609,3622.9448,3903.3274,7100192.5,5293938.0,564.29987,564.29987,934.0,2699.6,576.4407,162
2025-06-12 16:00:00+00:00,23.0,26.367,25.467001,25.810753,30.644184,28.666767,29.525991,48642.98,0.0,102.2,102.2,24.0,27.328007,44.639996,181.81248,2.46,0.8147054,3648.7556,3932.8533,7148835.5,5293938.0,666.4999,666.4999,958.0,2702.06,577.2554,163
2025-06-13 16:00:00+00:00,23.0,31.417,25.367,28.271164,37.59096,29.08154,32.880535,48655.695,40517.758,9.900001,9.900001,14.0,20.1865,42.48,162.4095,22.41,4.753745,3677.0269,3965.734,7197491.0,5334456.0,676.3999,676.3999,972.0,2724.47,582.0091,164
2025-06-14 16:00:00+00:00,23.0,31.567001,26.617,28.944086,36.85606,30.61945,33.321903,48666.617,43819.41,0.0,0.0,0.0,19.507383,39.6,168.75356,26.29,5.8091173,3705.971,3999.056,7246157.5,5378275.5,676.3999,676.3999,972.0,2750.76,587.81824,165
2025-06-15 16:00:00+00:00,23.0,29.817001,26.167,27.717003,35.710506,31.240902,33.19532,48675.723,42649.516,11.0,11.0,19.0,13.062098,28.44,213.18436,17.3,3.6754534,3733.688,4032.2512,7294833.0,5420925.0,687.3999,687.3999,991.0,2768.06,591.4937,166
2025-06-16 16:00:00+00:00,23.0,31.067001,25.467001,28.217005,37.597095,31.281433,34.2032,48683.06,41686.715,1.3000001,1.3000001,6.0,14.0734215,27.359999,330.57535,21.31,4.4286556,3761.905,4066.4543,7343516.0,5462611.5,688.6999,688.6999,997.0,2789.37,595.92236,167
2025-06-17 16:00:00+00:00,23.0,30.717001,26.117,28.152418,35.105118,31.561192,33.53887,48688.67,30987.033,2.6999998,2.6999998,7.0,18.727785,32.399998,158.28346,17.72,3.8797095,3790.0574,4099.993,7392204.5,5493598.5,691.3999,691.3999,1004.0,2807.09,599.80206,168
2025-06-18 16:00:00+00:00,23.0,31.567001,25.767,28.42325,36.29179,29.92778,33.23846,48692.555,34765.254,0.4,0.4,2.0,19.023878,38.16,154.13678,21.34,4.7056284,3818.4807,4133.2314,7440897.0,5528364.0,691.7999,691.7999,1006.0,2828.4302,604.5077,169
2025-06-19 16:00:00+00:00,23.0,31.967001,25.767,28.446167,36.50883,30.958931,33.220715,48694.73,40312.938,0.0,0.0,0.0,20.138292,37.44,163.16104,24.34,5.292433,3846.9268,4166.452,7489591.5,5568677.0,691.7999,691.7999,1006.0,2852.7703,609.8001,170
2025-06-20 16:00:00+00:00,23.0,31.167,25.667,28.346169,37.25911,30.521435,33.66608,48695.203,43922.035,0.0,0.0,0.0,14.120539,32.039997,173.3369,26.35,5.4600563,3875.273,4200.118,7538286.5,5612599.0,691.7999,691.7999,1006.0,2879.1204,615.2602,171
2025-06-21 16:00:00+00:00,23.0,30.717001,24.967001,27.99617,37.068993,30.21328,33.57504,48693.977,43340.062,0.90000004,0.90000004,5.0,10.261579,20.519999,296.9334,22.69,4.756227,3903.269,4233.6934,7586980.5,5655939.0,692.69995,692.69995,1011.0,2901.8103,620.0164,172
2025-06-22 16:00:00+00:00,23.0,31.267,24.917,28.133667,37.7432,31.10862,34.123814,48691.082,44027.805,0.5,0.5,5.0,8.2584505,19.08,311.6441,24.81,5.161593,3931.4028,4267.8174,7635671.5,5699967.0,693.19995,693.19995,1016.0,2926.6204,625.17804,173
2025-06-23 16:00:00+00:00,23.0,31.117,25.467001,28.404501,37.86813,31.261482,34.424152,48686.516,43735.727,1.5000001,1.5000001,12.0,9.6480665,17.64,187.83545,22.97,4.807313,3959.8074,4302.2417,7684358.0,5743702.5,694.69995,694.69995,1028.0,2949.5903,629.98535,174
2025-06-24 16:00:00+00:00,23.0,31.667,26.917,29.092003,37.329414,32.01751,34.30182,48680.29,43513.105,0.4,0.4,4.0,13.339445,29.519999,156.6026,23.31,5.145791,3988.8994,4336.5435,7733038.5,5787215.5,695.1,695.1,1032.0,2972.9004,635.13116,175
2025-06-25 16:00:00+00:00,23.0,32.317,25.967001,28.8795,39.636196,31.060524,34.526447,48672.426,39754.43,0.3,0.3,3.0,10.560341,20.880001,134.09929,23.19,4.9491577,4017.7788,4371.07,7781711.0,5826970.0,695.39996,695.39996,1035.0,2996.0903,640.0803,176
2025-06-26 16:00:00+00:00,23.0,31.617,25.317001,27.97117,39.13945,31.030766,33.886795,48662.93,41022.88,2.6,2.6,6.0,6.8541956,18.359999,49.31614,24.82,5.172403,4045.75,4404.9565,7830374.0,5867993.0,697.99994,697.99994,1041.0,3020.9104,645.25275,177
2025-06-27 16:00:00+00:00,23.0,31.817001,23.667,28.035751,38.244553,28.58007,33.441113,48651.824,43200.0,0.1,0.1,1.0,6.1437774,19.44,21.898218,24.97,5.239598,4073.7856,4438.3975,7879026.0,5911193.0,698.0999,698.0999,1042.0,3045.8804,650.4924,178
2025-06-28 16:00:00+00:00,23.0,31.217001,25.917,27.839922,37.90858,31.841331,33.739193,48639.117,38331.773,13.1,13.1,8.0,10.934166,27.359999,311.76028,23.63,4.8903413,4101.6255,4472.1367,7927665.0,5949525.0,711.1999,711.1999,1050.0,3069.5103,655.3827,179
2025-06-29 16:00:00+00:00,23.0,31.467001,25.817001,28.523252,39.211662,31.465538,34.671734,48624.83,44051.15,1.1,1.1,6.0,10.228373,23.759998,327.96652,24.4,5.1085668,4130.149,4506.8086,7976290.0,5993576.0,712.29987,712.29987,1056.0,3093.9102,660.4913,180
2025-06-30 16:00:00+00:00,23.0,32.367,25.617,28.664917,40.627083,32.106514,35.350674,48608.973,43505.52,1.4000001,1.4000001,6.0,8.587338,24.119999,350.56583,24.82,5.196468,4158.814,4542.159,8024899.0,6037081.5,713.6999,713.6999,1062.0,3118.7302,665.68774,181
2025-07-01 16:00:00+00:00,23.0,32.167,25.517,28.750336,39.868904,31.894642,35.352184,48591.566,43934.86,0.70000005,0.70000005,7.0,8.863972,20.519999,265.0498,24.64,5.163339,4187.5645,4577.511,8073490.5,6081016.5,714.3999,714.3999,1069.0,3143.37,670.8511,182
2025-07-02 16:00:00+00:00,23.0,31.717001,26.217001,28.77117,38.827057,32.16087,35.019634,48572.62,43812.992,1.6000001,1.6000001,12.0,9.9571085,22.319998,264.10458,24.43,5.0640597,4216.3354,4612.531,8122063.0,6124829.5,715.9999,715.9999,1081.0,3167.8,675.91516,183
2025-07-03 16:00:00+00:00,23.0,31.767,26.317001,28.602415,38.210056,30.942387,33.622906,48552.156,42553.27,3.7,3.7,5.0,13.33094,24.119999,147.0306,22.98,5.0923715,4244.938,4646.154,8170615.0,6167383.0,719.6999,719.6999,1086.0,3190.78,681.0075,184
2025-07-04 16:00:00+00:00,23.0,30.867,25.817001,27.262835,34.659084,29.44587,31.008772,48530.195,25341.92,9.400002,9.400002,9.0,22.180935,43.199997,140.01689,15.08,3.6388233,4272.2007,4677.1626,8219145.0,6192725.0,729.0999,729.0999,1095.0,3205.86,684.6463,185
2025-07-05 16:00:00+00:00,23.0,26.417,24.667,25.650337,29.502941,25.346035,27.888079,48506.742,0.0,85.399994,85.399994,24.0,50.9435,75.24,150.09705,3.28,1.3631002,4297.851,4705.051,8267651.5,6192725.0,814.4999,814.4999,1119.0,3209.1401,686.0094,186
2025-07-06 16:00:00+00:00,23.0,28.867,25.367,26.852419,34.67835,25.733088,31.632004,48481.61,9310.9375,54.300003,54.300003,24.0,39.713154,59.76,246.8583,10.23,2.350533,4324.7036,4736.6826,8316133.0,6202036.0,868.79987,868.79987,1143.0,3219.37,688.3599,187
2025-07-07 16:00:00+00:00,23.0,29.867,25.117,27.004501,37.081165,30.643574,32.98757,48454.71,38297.75,20.699999,20.699999,24.0,9.793059,29.16,207.8718,17.54,3.6304815,4351.708,4769.6704,8364587.5,6240334.0,889.4999,889.4999,1167.0,3236.9102,691.9904,188
2025-07-08 16:00:00+00:00,23.0,27.617,24.767,26.04825,32.602974,29.632633,31.151587,48426.094,234.01933,41.500004,41.500004,24.0,14.587776,31.68,155.67317,8.4,1.7925564,4377.7563,4800.822,8413014.0,6240568.0,930.9999,930.9999,1191.0,3245.31,693.78296,189
2025-07-09 16:00:00+00:00,23.0,26.917,24.917,25.796167,31.565449,29.054546,30.364517,48395.824,0.0,43.2,43.2,24.0,20.501833,33.48,183.08453,5.28,1.2287648,4403.5527,4831.1865,8461410.0,6240568.0,974.1999,974.1999,1215.0,3250.59,695.0117,190
2025-07-10 16:00:00+00:00,23.0,28.217001,25.117,26.533669,32.51759,29.05893,30.630564,48363.94,7723.2583,24.300003,24.300003,22.0,21.9718,36.36,159.2119,11.18,2.4322383,4430.0864,4861.817,8509774.0,6248291.5,998.4999,998.4999,1237.0,3261.77,697.444,191
2025-07-11 16:00:00+00:00,23.0,30.667,25.717001,28.179499,37.53619,30.136673,33.58878,48330.504,43200.0,1.3000001,1.3000001,10.0,18.194254,35.28,167.8979,22.47,4.5032215,4458.266,4895.406,8558105.0,6291491.5,999.79987,999.79987,1247.0,3284.24,701.9472,192
2025-07-12 16:00:00+00:00,23.0,30.917,25.517,28.250334,38.468277,30.969269,34.65413,48295.57,43503.688,0.70000005,0.70000005,6.0,9.801326,25.56,225.16234,23.27,4.7336907,4486.5166,4930.06,8606401.0,6334995.0,1000.4999,1000.4999,1253.0,3307.51,706.6809,193
2025-07-13 16:00:00+00:00,23.0,30.667,25.517,27.958672,37.904907,31.816246,34.50378,48259.184,42714.168,2.0,2.0,12.0,10.8955765,23.759998,290.47736,22.11,4.5156646,4514.475,4964.564,8654660.0,6377709.0,1002.4999,1002.4999,1265.0,3329.62,711.1966,194
2025-07-14 16:00:00+00:00,23.0,29.817001,25.817001,27.337835,35.925934,31.530731,33.45969,48221.4,18051.385,13.1,13.1,22.0,9.037721,22.68,211.75943,13.11,2.794435,4541.813,4998.0234,8702881.0,6395760.5,1015.59985,1015.59985,1287.0,3342.7302,713.991,195
2025-07-15 16:00:00+00:00,23.0,30.717001,25.917,28.087837,39.630653,31.087769,34.80488,48182.26,34839.555,4.1,4.1,16.0,8.61371,21.599998,196.8452,18.78,3.885996,4569.901,5032.828,8751063.0,6430600.0,1019.6998,1019.6998,1303.0,3361.5103,717.877,196
2025-07-16 16:00:00+00:00,23.0,31.217001,26.017,28.27742,39.469753,32.168026,34.95167,48141.836,39600.0,2.2,2.2,8.0,8.641874,20.880001,280.17548,21.05,4.3728547,4598.178,5067.78,8799205.0,6470200.0,1021.89984,1021.89984,1311.0,3382.5603,722.2499,197
2025-07-17 16:00:00+00:00,23.0,31.167,26.117,28.077417,37.48953,31.554039,34.103836,48100.164,32307.242,18.0,18.0,12.0,14.113653,31.68,351.48495,18.84,3.9445546,4626.256,5101.884,8847305.0,6502507.0,1039.8999,1039.8999,1323.0,3401.4004,726.19446,198
2025-07-18 16:00:00+00:00,23.0,30.167,26.217001,27.629503,35.0789,29.931465,32.547558,48057.297,14029.6,21.200003,21.200003,24.0,22.146584,42.48,125.37349,11.49,2.833508,4653.8853,5134.431,8895362.0,6516536.5,1061.0999,1061.0999,1347.0,3412.8904,729.02795,199
2025-07-19 16:00:00+00:00,23.0,27.317001,26.017,26.67742,31.687283,29.784115,30.44855,48013.29,621.7529,21.4,21.4,24.0,22.724241,42.12,147.6907,5.77,1.7027478,4680.5625,5164.88,8943375.0,6517158.5,1082.4999,1082.4999,1371.0,3418.6604,730.7307,200
2025-07-20 16:00:00+00:00,23.0,27.017,25.267,25.975334,31.16346,28.026604,29.573885,47968.19,0.0,47.699997,47.699997,24.0,24.911634,45.0,152.8768,4.87,1.3503634,4706.5376,5194.4536,8991343.0,6517158.5,1130.1998,1130.1998,1395.0,3423.5305,732.08105,201
2025-07-21 16:00:00+00:00,23.0,29.367,25.117,27.137833,34.05481,30.050198,32.37277,47922.043,18955.508,1.4000001,1.4000001,10.0,9.96524,18.72,341.8339,12.98,2.829734,4733.6753,5226.826,9039265.0,6536114.0,1131.5999,1131.5999,1405.0,3436.5105,734.91077,202
2025-07-22 16:00:00+00:00,23.0,31.117,24.767,28.027422,37.970024,31.01772,34.14385,47874.91,43504.645,0.1,0.1,1.0,13.920647,26.28,290.2786,23.59,4.8461633,4761.7026,5260.97,9087140.0,6579618.5,1131.6998,1131.6998,1406.0,3460.1006,739.75696,203
2025-07-23 16:00:00+00:00,23.0,30.917,25.067001,27.979498,38.360107,29.844753,33.889194,47826.832,43227.72,0.6,0.6,4.0,12.881008,23.039999,147.79594,22.54,4.6984324,4789.682,5294.8594,9134967.0,6622846.0,1132.2998,1132.2998,1410.0,3482.6406,744.4554,204
2025-07-24 16:00:00+00:00,23.0,30.117,25.317001,27.760756,36.263546,30.448814,33.473366,47777.855,38419.094,4.4999995,4.4999995,14.0,9.600937,23.4,31.030113,18.35,3.856097,4817.443,5328.3325,9182745.0,6661265.0,1136.7998,1136.7998,1424.0,3500.9907,748.31146,205
2025-07-25 16:00:00+00:00,23.0,30.267,26.067001,27.817003,36.21913,32.116577,33.87901,47728.023,32817.25,6.4,6.4,18.0,10.163227,31.68,214.47926,15.01,3.2489445,4845.26,5362.2114,9230473.0,6694082.0,1143.1998,1143.1998,1442.0,3516.0007,751.5604,206
2025-07-26 16:00:00+00:00,23.0,30.767,26.317001,27.96492,37.802876,31.986263,34.24074,47676.97,39315.93,11.3,11.3,24.0,12.346741,29.16,217.91957,20.62,4.229708,4873.2246,5396.452,9278150.0,6733398.0,1154.4999,1154.4999,1466.0,3536.6208,755.79016,207
2025-07-27 16:00:00+00:00,23.0,27.467001,25.317001,26.262835,33.424313,31.040356,32.32973,47624.555,0.0,33.8,33.8,24.0,7.4867883,28.08,253.93356,6.14,1.3928468,4899.4873,5428.7817,9325775.0,6733398.0,1188.2999,1188.2999,1490.0,3542.7607,757.183,208
2025-07-28 16:00:00+00:00,23.0,28.067001,25.617,26.45867,32.80827,30.70132,31.6631,47570.83,0.0,73.799995,73.799995,24.0,20.264194,41.039997,244.2849,6.42,1.4289004,4925.946,5460.445,9373346.0,6733398.0,1262.1,1262.1,1514.0,3549.1807,758.6119,209
2025-07-29 16:00:00+00:00,23.0,27.867,25.817001,26.623251,33.120495,30.395458,31.586222,47515.867,49.095726,72.5,72.5,24.0,21.281145,33.48,229.80391,5.82,1.3434346,4952.569,5492.0312,9420862.0,6733447.0,1334.6,1334.6,1538.0,3555.0007,759.9553,210
2025-07-30 16:00:00+00:00,23.0,28.267,26.217001,26.875334,33.391155,30.128922,32.020718,47459.734,535.3477,36.399998,36.399998,24.0,22.42427,37.079998,214.53377,7.61,1.681595,4979.4443,5524.052,9468322.0,6733982.5,1371.0,1371.0,1562.0,3562.6108,761.6369,211
2025-07-31 16:00:00+00:00,23.0,27.817001,25.617,26.498253,33.2308,30.894482,31.74736,47402.492,1288.7668,31.999998,31.999998,24.0,20.972897,34.92,200.94415,8.02,1.6774769,5005.9424,5555.7993,9515724.0,6735271.5,1403.0,1403.0,1586.0,3570.6309,763.3144,212
2025-08-01 16:00:00+00:00,23.0,28.067001,25.467001,26.292006,33.782497,30.984024,32.014954,47344.207,1250.4395,43.9,43.9,24.0,9.096681,33.12,170.9071,6.96,1.5562474,5032.2344,5587.8145,9563068.0,6736522.0,1446.9,1446.9,1610.0,3577.5908,764.87067,213
2025-08-02 16:00:00+00:00,23.0,27.467001,25.167,26.177416,32.740044,30.408539,31.68342,47284.945,94.87736,48.1,48.1,24.0,19.35314,33.48,193.96945,5.4,1.2299979,5058.4116,5619.498,9610353.0,6736617.0,1495.0,1495.0,1634.0,3582.9907,766.10065,214
2025-08-03 16:00:00+00:00,23.0,27.317001,25.117,25.762835,32.278915,30.27943,31.015053,47224.77,0.0,42.799995,42.799995,24.0,15.561414,28.8,181.18626,4.18,0.99724406,5084.1743,5650.513,9657578.0,6736617.0,1537.8,1537.8,1658.0,3587.1707,767.0979,215
2025-08-04 16:00:00+00:00,23.0,29.667,24.867,27.112837,34.266293,29.735584,31.864288,47163.74,31158.012,6.399998,6.399998,23.0,18.329973,33.839996,178.71588,16.24,3.390656,5111.287,5682.3774,9704742.0,6767775.0,1544.2001,1544.2001,1681.0,3603.4106,770.4886,216
2025-08-05 16:00:00+00:00,23.0,31.017,25.367,27.869085,38.583153,29.664013,33.343876,47101.914,40612.176,0.0,0.0,0.0,14.30632,28.8,179.3484,25.96,5.3002076,5139.1562,5715.721,9751844.0,6808387.0,1544.2001,1544.2001,1681.0,3629.3706,775.7888,217
2025-08-06 16:00:00+00:00,23.0,30.367,23.317001,27.037832,37.61369,28.256958,32.738552,47039.36,43272.758,0.0,0.0,0.0,10.316686,20.880001,300.5253,24.1,4.9040074,5166.194,5748.46,9798883.0,6851660.0,1544.2001,1544.2001,1681.0,3653.4707,780.6928,218
2025-08-07 16:00:00+00:00,23.0,32.117,24.217001,27.82325,40.147926,29.718964,34.139687,46976.12,42910.703,2.3999999,2.3999999,5.0,7.814986,23.759998,214.46089,23.86,4.9770617,5194.017,5782.5996,9845859.0,6894570.5,1546.6001,1546.6001,1686.0,3677.3308,785.66986,219
2025-08-08 16:00:00+00:00,23.0,30.567001,26.117,28.035753,35.978027,31.163784,33.11308,46912.273,43200.0,1.0,1.0,6.0,19.759048,36.0,165.3422,21.79,4.5075154,5222.0527,5815.713,9892771.0,6937770.5,1547.6001,1547.6001,1692.0,3699.1208,790.17737,220
2025-08-09 16:00:00+00:00,23.0,29.667,25.767,27.43367,35.87172,30.624008,32.493835,46847.867,43054.38,2.1,2.1,12.0,16.039202,32.399998,172.87967,22.23,4.411411,5249.4863,5848.2065,9939619.0,6980825.0,1549.7001,1549.7001,1704.0,3721.3508,794.5888,221
2025-08-10 16:00:00+00:00,23.0,30.217001,25.217001,27.742002,37.574078,30.261189,33.487392,46782.953,43200.0,2.7,2.7,15.0,11.844492,28.8,188.71683,22.03,4.439741,5277.2285,5881.694,9986402.0,7024025.0,1552.4,1552.4,1719.0,3743.3809,799.02856,222
2025-08-11 16:00:00+00:00,23.0,30.417,25.267,27.696167,37.223618,30.544624,33.515774,46717.594,43200.0,2.1000001,2.1000001,11.0,11.307095,25.199999,318.36658,21.04,4.324698,5304.925,5915.2095,10033120.0,7067225.0,1554.5,1554.5,1730.0,3764.421,803.3533,223
2025-08-12 16:00:00+00:00,23.0,27.817001,25.667,26.577417,31.38964,25.742073,28.892923,46651.84,0.0,91.9,91.9,19.0,47.298916,95.03999,261.4107,2.73,1.3158605,5331.5024,5944.1025,10079772.0,7067225.0,1646.4,1646.4,1749.0,3767.151,804.6691,224
2025-08-13 16:00:00+00:00,23.0,31.417,25.267,27.65867,38.49614,27.527992,32.14678,46585.746,43200.0,5.7000003,5.7000003,8.0,31.417604,49.32,150.0886,20.67,4.5784755,5359.161,5976.2495,10126358.0,7110425.0,1652.1,1652.1,1757.0,3787.8208,809.2476,225
2025-08-14 16:00:00+00:00,23.0,30.817001,24.367,27.294088,37.49707,29.797703,33.0788,46519.355,43200.0,2.2,2.2,8.0,11.157096,20.519999,259.08215,22.4,4.573,5386.455,6009.328,10172877.0,7153625.0,1654.2999,1654.2999,1765.0,3810.2207,813.8206,226
2025-08-15 16:00:00+00:00,23.0,30.817001,23.967001,27.61075,37.74412,27.881725,33.016136,46452.246,43200.0,0.5,0.5,5.0,11.7662735,26.64,352.6048,23.44,4.82868,5414.066,6042.344,10219329.0,7196825.0,1654.7999,1654.7999,1770.0,3833.6606,818.6493,227
2025-08-16 16:00:00+00:00,23.0,30.917,24.967001,27.283669,39.10476,29.265842,33.03558,46384.234,42232.906,7.2,7.2,9.0,8.942214,19.44,8.686284,22.26,4.5813947,5441.3496,6075.38,10265713.0,7239058.0,1661.9999,1661.9999,1779.0,3855.9207,823.2307,228
2025-08-17 16:00:00+00:00,23.0,31.017,24.767,27.279503,37.81603,29.87238,32.81016,46315.387,40298.645,5.7,5.7,5.0,12.487641,22.319998,44.867664,19.21,4.0105033,5468.629,6108.19,10312028.0,7279356.5,1667.6998,1667.6998,1784.0,3875.1306,827.2412,229
2025-08-18 16:00:00+00:00,23.0,30.117,25.067001,27.617002,35.45675,29.793228,32.88694,46245.75,42700.926,1.7,1.7,6.0,7.4672885,16.56,12.595433,17.91,3.7634196,5496.246,6141.0767,10358274.0,7322057.5,1669.3998,1669.3998,1790.0,3893.0405,831.00464,230
2025-08-19 16:00:00+00:00,23.0,28.567001,25.117,26.835754,33.67535,30.395985,31.967514,46175.39,19940.467,1.8000002,1.8000002,11.0,11.988594,34.56,1.6936868,12.24,2.6512449,5523.082,6173.044,10404449.0,7341998.0,1671.1998,1671.1998,1801.0,3905.2805,833.6559,231
2025-08-20 16:00:00+00:00,23.0,31.217001,23.967001,27.602417,38.484303,29.441273,33.6004,46104.37,42366.836,0.3,0.3,2.0,6.638072,25.199999,336.97443,24.09,4.977822,5550.6846,6206.6445,10450553.0,7384365.0,1671.4999,1671.4999,1803.0,3929.3706,838.6337,232
2025-08-21 16:00:00+00:00,23.0,31.567001,24.867,28.139917,39.291706,30.169998,34.14873,46032.746,43186.992,0.2,0.2,1.0,10.966713,22.319998,349.62634,24.69,5.170633,5578.8247,6240.7935,10496586.0,7427552.0,1671.6998,1671.6998,1804.0,3954.0605,843.8044,233
2025-08-22 16:00:00+00:00,23.0,32.567,25.167,28.660751,40.015038,30.485615,35.170395,45960.574,43168.625,0.3,0.3,2.0,6.7469993,24.119999,127.15364,24.11,5.0397573,5607.4854,6275.964,10542547.0,7470720.5,1671.9999,1671.9999,1806.0,3978.1707,848.8441,234
2025-08-23 16:00:00+00:00,23.0,31.417,24.617,27.69825,38.974342,29.355743,33.58539,45887.914,42680.28,5.8,5.8,6.0,7.2805495,24.48,282.45435,23.1,4.840465,5635.1836,6309.5493,10588435.0,7513401.0,1677.7999,1677.7999,1812.0,4001.2708,853.6846,235
2025-08-24 16:00:00+00:00,23.0,30.917,24.667,27.639921,38.698837,28.769798,33.231846,45814.816,41739.45,3.7,3.7,12.0,11.672275,21.24,334.32526,23.73,4.9494915,5662.8237,6342.7812,10634250.0,7555140.5,1681.4999,1681.4999,1824.0,4025.0007,858.63403,236
2025-08-25 16:00:00+00:00,23.0,30.617,24.817001,27.060753,38.251408,29.251823,32.65367,45741.34,40271.06,6.7,6.7,13.0,10.564941,20.519999,329.356,22.28,4.539566,5689.8843,6375.435,10679991.0,7595411.5,1688.1998,1688.1998,1837.0,4047.2808,863.1736,237
2025-08-26 16:00:00+00:00,23.0,30.317001,25.367,27.358671,36.669582,31.343193,32.991768,45667.535,16984.562,0.2,0.2,2.0,14.205182,24.84,355.36462,12.82,2.9131134,5717.243,6408.427,10725659.0,7612396.0,1688.3998,1688.3998,1839.0,4060.1008,866.0867,238
2025-08-27 16:00:00+00:00,23.0,31.217001,24.567001,27.785751,38.20218,30.742596,33.821453,45593.457,38933.89,0.9000001,0.9000001,7.0,10.6261,21.24,319.4366,20.26,4.2921333,5745.029,6442.248,10771252.0,7651330.0,1689.2998,1689.2998,1846.0,4080.3608,870.3788,239
2025-08-28 16:00:00+00:00,23.0,29.1415,28.3415,28.79567,35.74402,33.19476,34.50245,45523.94,42876.414,0.0,0.0,0.0,15.7908325,21.24,326.30984,24.38,4.916336,5773.8247,6476.7505,10816776.0,7694206.5,1689.2998,1689.2998,1846.0,4104.7407,875.2951,240
2025-08-29 16:00:00+00:00,23.0,29.6415,28.5915,29.043585,37.160393,33.57927,35.169697,45449.29,42642.766,0.2,0.0,2.0,14.386494,20.16,318.97055,23.83,4.900764,5802.868,6511.9204,10862225.0,7736849.5,1689.4998,1689.2998,1848.0,4128.571,880.19586,241
2025-08-30 16:00:00+00:00,23.0,29.1415,28.5415,28.816504,35.584812,33.19468,34.45453,45374.516,34808.453,0.0,0.0,0.0,11.808878,16.199999,342.65732,17.37,3.6918988,5831.6846,6546.375,10907600.0,7771658.0,1689.4998,1689.2998,1848.0,4145.941,883.88776,242
2025-08-31 16:00:00+00:00,23.0,29.0915,28.2915,28.670664,35.094196,32.79064,34.162045,45299.68,32473.004,0.0,0.0,0.0,14.973577,21.24,345.52252,18.11,3.8344917,5860.3555,6580.537,10952900.0,7804131.0,1689.4998,1689.2998,1848.0,4164.051,887.7222,243
2025-09-01 16:00:00+00:00,23.0,29.241499,27.6415,28.424835,34.7977,33.193714,34.073322,45224.816,35774.57,0.0,0.0,0.0,16.1198,21.599998,350.7472,16.75,3.5410733,5888.7803,6614.6104,10998125.0,7839905.5,1689.4998,1689.2998,1848.0,4180.801,891.2633,244
2025-09-02 16:00:00+00:00,23.0,29.3915,28.5415,28.960249,35.48521,33.377472,34.60796,45149.99,40370.062,1.4000001,0.0,8.0,16.299694,21.96,304.76685,22.53,4.5887656,5917.7407,6649.2183,11043275.0,7880275.5,1690.8998,1689.2998,1856.0,4203.3306,895.85205,245
2025-09-03 16:00:00+00:00,23.0,29.241499,28.4415,28.92692,36.110817,34.445904,34.991512,45075.23,39186.984,0.5,0.0,5.0,12.7279215,17.64,246.33963,22.68,4.597361,5946.6675,6684.21,11088350.0,7919462.5,1691.3998,1689.2998,1861.0,4226.0107,900.4494,246
2025-09-04 16:00:00+00:00,23.0,29.241499,28.0415,28.70817,36.084915,33.463177,34.584072,45000.113,42369.668,1.7000002,0.0,10.0,15.277749,20.880001,322.38782,22.8,4.5509944,5975.3755,6718.794,11133350.0,7961832.0,1693.0997,1689.2998,1871.0,4248.8105,905.00037,247
2025-09-05 16:00:00+00:00,23.0,29.241499,27.8915,28.579002,36.027386,32.779823,34.316433,44924.43,35711.03,6.1,0.0,10.0,17.309973,23.759998,264.80563,19.88,4.2201147,6003.9546,6753.1104,11178274.0,7997543.0,1699.1997,1689.2998,1881.0,4268.6904,909.22046,248
2025-09-06 16:00:00+00:00,23.0,29.0415,28.491499,28.74775,33.061417,31.399685,32.387516,44848.24,42353.69,0.6,0.0,6.0,32.04202,42.12,167.52615,20.81,4.4619894,6032.702,6785.498,11223122.0,8039896.5,1699.7997,1689.2998,1887.0,4289.5005,913.68243,249
2025-09-07 16:00:00+00:00,23.0,29.491499,28.5915,28.914413,33.945812,31.96838,33.03829,44771.586,40265.56,9.6,0.0,15.0,29.122198,38.16,169.78043,22.26,4.715308,6061.6167,6818.536,11267894.0,8080162.0,1709.3997,1689.2998,1902.0,4311.7603,918.39777,250
2025-09-08 16:00:00+00:00,23.0,29.241499,28.3915,28.904001,37.023376,33.766956,34.999714,44694.53,39843.754,0.9000001,0.0,9.0,12.984975,18.359999,174.32265,22.18,4.489755,6090.5205,6853.5356,11312589.0,8120006.0,1710.2997,1689.2998,1911.0,4333.9404,922.8875,251
2025-09-09 16:00:00+00:00,23.0,29.3415,28.2915,28.807251,36.55724,32.42172,34.812595,44617.12,42158.27,0.6,0.0,6.0,13.708391,20.880001,244.98311,23.05,4.6957436,6119.3276,6888.348,11357206.0,8162164.5,1710.8997,1689.2998,1917.0,4356.99,927.58325,252
2025-09-10 16:00:00+00:00,23.0,32.1175,27.5175,29.58,35.269073,32.3135,33.591644,44539.41,41932.312,1.5,0.0,9.0,17.76081,21.96,191.30989,19.4,4.897191,6148.9077,6921.94,11401745.0,8204097.0,1712.3997,1689.2998,1926.0,4376.39,932.48047,253
2025-09-11 16:00:00+00:00,23.0,32.4675,26.6175,29.198751,38.477055,31.153023,33.690212,44461.44,41959.293,2.1,0.29999998,9.0,20.991426,18.0,334.01245,22.87,5.231961,6178.1064,6955.6304,11446206.0,8246056.5,1714.4996,1689.5999,1935.0,4399.2603,937.7124,254
2025-09-12 16:00:00+00:00,23.0,32.067497,27.0175,29.20917,36.85251,31.702248,33.42024,44383.277,41837.69,1.8,0.0,6.0,20.393293,10.799999,258.93997,24.06,5.285045,6207.3154,6989.051,11490589.0,8287894.0,1716.2997,1689.5999,1941.0,4423.3203,942.99744,255
2025-09-13 16:00:00+00:00,23.0,32.4675,27.6175,29.715416,37.148685,32.051838,33.64633,44304.953,41990.383,0.0,0.0,0.0,18.64369,11.159999,268.87183,25.03,5.7064123,6237.031,7022.6973,11534894.0,8329884.5,1716.2997,1689.5999,1941.0,4448.35,948.70386,256
2025-09-14 16:00:00+00:00,23.0,32.767498,28.0175,30.011246,37.352116,32.007996,33.74401,44226.527,41930.78,0.0,0.0,0.0,20.633371,14.4,277.89392,24.93,5.8158617,6267.042,7056.4414,11579121.0,8371815.5,1716.2997,1689.5999,1941.0,4473.2803,954.5197,257
2025-09-15 16:00:00+00:00,23.0,32.567497,28.417501,30.123755,37.919548,32.722446,34.05658,44148.043,41809.863,0.0,0.0,0.0,22.33161,17.28,282.94318,24.78,5.8050675,6297.1655,7090.498,11623269.0,8413625.0,1716.2997,1689.5999,1941.0,4498.06,960.32477,258
2025-09-16 16:00:00+00:00,23.0,32.517498,28.317501,30.021667,37.656452,32.31565,34.155025,44069.56,41553.723,0.0,0.0,0.0,21.626984,16.919998,276.47736,23.34,5.456076,6327.187,7124.653,11667339.0,8455179.0,1716.2997,1689.5999,1941.0,4521.4,965.7808,259
2025-09-17 16:00:00+00:00,23.0,32.3675,28.0175,29.952919,37.142315,32.739506,33.98037,43991.113,41619.24,0.0,0.0,0.0,20.5484,11.879999,260.68298,23.85,5.638073,6357.14,7158.6333,11711330.0,8496798.0,1716.2997,1689.5999,1941.0,4545.25,971.4189,260
2025-09-18 16:00:00+00:00,23.0,,,,,,,43912.75,,,,0.0,,,,,,,,11755243.0,,,,1941.0,,,261
